original,new
605 N / B,
18300 / CRUSADER,
1100 0HIO,"1100 Ohio Ave, Long Beach, CA 90804"
10TH / GRAND AVE,"E 10th St / Grand Ave, Long Beach, CA 90804"
10TH / REDONDO,"E 10th St & Redondo Ave, Long Beach, CA 90804"
300 BLOCK W 10TH ST,"300 BLOCK E 10th St, Long Beach, CA 90813"
600 BLOCK W 10TH ST,"600 BLOCK E 10th St, Long Beach, CA 90813"
"900 BLOCK E 10TH ST, LONG BEACH CA","900 BLOCK E 10th St, Long Beach, CA 90813"
"1400 BLOCK E 10TH ST, LONG BEACH CA","1400 BLOCK E 10th St, Long Beach, CA 90813"
"2900 BLOCK E 10TH ST, LONG BEACH CA","2900 BLOCK E 10th St, Long Beach, CA 90804"
"1100 BLOCK E 10TH ST, LONG BEACH CA","1100 BLOCK E 10th St, Long Beach, CA 90813"
"1500 BLOCK E 10TH ST, LONG BEACH, CA","1500 BLOCK E 10th St, Long Beach, CA 90813"
"4500 BLOCK E 10TH ST, LONG BEACH, CA","4500 BLOCK E 10th St, Long Beach, CA 90804"
1400 BLOCK E 11TH ST,"1400 BLOCK E 11th St, Long Beach, CA 90813"
700 BLOCK E 11TH ST,"700 BLOCK E 11th St, Long Beach, CA 90813"
1100 BLOCK E 11TH ST,"1100 BLOCK E 11th St, Long Beach, CA 90813"
4000 BLOCK E 11TH ST,"4000 BLOCK E 11th St, Long Beach, CA 90804"
"2300 BLOCK E 11TH ST, LONG BEACH CA",
"700 BLOCK W 11TH ST, LONG BEACH CA",
1200TH BLOCK DAISY AVE,
"1300 BLOCK W 12TH ST, LONG BEACH CA",
"1300 W 12TH ST, LONG BEACH CA",
13500TH BLOCK SEAL BEACH BLVD,
"13P00 BLOCK E 17TH ST, LONG BEACH CA",
3500 14TH ST,
2000 BLOCK W 14TH ST,
2500 BLOCK E 14TH ST,
"500 BLOCK E 14TH ST, LONG BEACH CA",
"3900 BLOCK E 14TH ST, LONG BEACH CA",
"2500 BLOCK E 14TH ST, LONG BEACH, CA",
"2800 BLOCK E 14TH ST, LONG BEACH, CA",
2600 E 15TH,
2800 BLOCK E 15TH ST,
"1000 BLOCK 15TH ST, LONG BEACH CA",
"200 BLOCK W 15TH ST, LONG BEACH CA",
"100 BLOCK E 15TH ST, LONG BEACH CA",
"700 BLOCK E 15TH ST, LONG BEACH CA",
10000 BLOCK 166TH ST,
13000 E 166TH ST,
"13200 BLOCK E 166TH ST, CERRITOS CA",
"13000 BLOCK E 166TH ST, CERRITOS CA",
2900 BLOCK 16TH ST,
"2900 BLOCK E 16TH ST, LONG BEACH CA",
"300 BLOCK E 16TH ST, LONG BEACH CA",
"1600 BLOCK W 16TH ST, LONG BEACH CA",
1700TH BLOCK EAST SPRING ST,
2300 E 17TH,
17TH / ATLANTIC,
2300 BLOCK 17TH ST,
1100 E 17TH ST,
500 BLOCK E 17TH ST,
"600 BLOCK W 17TH ST, LONG BEACH CA",
"1300 BLOCK E 17TH ST, LONG BEACH CA",
"2300 BLOCK E 17TH ST, LONG BEACH, CA",
"10800 BLOCK 183RD ST, CERRITOS CA",
"11900 BLOCK 186TH ST, ARTESIA",
190TH BLOCK VOLK ST,
"12500 BLOCK 195TH ST, CERRITOS CA",
"600 BLOCK W 19TH ST, LONG BEACH CA",
1000 BLOCK E 1ST,
1 BLOCK E 1ST PL,
3300 BLOCK E 1ST ST,
500 E 1ST ST,
600 E 1ST ST,
"2100 BLOCK 1ST ST, LONG BEACH, CA",
"3800 BLOCK E 1ST ST, LONG BEACH, CA",
"3200 BLOCK E 1ST ST, LONG BEACH, CA",
"1100 BLOCK E 1ST ST, LONG BEACH, CA",
200TH BLOCK W 60TH WAY,
100 BLOCK W 20TH BST,
400 BLOCK W 20TH ST,
"1300 BLOCK E 20TH ST, LONG BEACH",
"1300 BLOCK E 20TH ST, LONG BEACH CA",
"1400 BLOCK E 20TH ST, LONG BEACH CA",
"1000 BLOCK E 20TH ST, LONG BEACH CA",
"624 E 20TH ST, LONG BEACH CA",
"500 BLOCK E 20TH ST, LONG BEACH CA",
"12200 BLOCK 216TH ST, HAWAIIAN GARDENS",
1000 BLOCK E 21ST ST,
1000 E 21ST ST,
"1000 BLOCK E 21ST ST, LONG BEACH, CA",
"7000 BLOCK 229TH ST, EAST BRADENTON",
23O BLOCK BELMONT AVE,
400 BLOCK W 23RD ST,
"4500 BLOCK E 23RD ST, LONG BEACH CA",
"1500 BLOCK E 23RD ST, SIGNAL HILL CA",
"1400 BLOCK E 23RD ST, SIGNAL HILL CA",
"200 BLOCK E 25TH ST, LONG BEACH CA",
2700TH BLOCK E ANAHEIM ST,
5200 E 27TH,
900 BLOCK E 27TH ST,
"5200 BLOCK E 27TH ST, LONG BEACH CA",
"1700 28TH ST, SIGNAL HILL CA",
600 W 29TH ST,
"2100 BLOCK W 29TH ST, LONG BEACH CA",
3600 BLOCK E 2ND ST,
3000 BLOCK E 2ND ST,
2ND ST AT VILLAGE DR,
"2500 BLOCK E 2ND ST, LONG BEACH CA",
"6800 BLOCK E 2ND ST, LONG BEACH CA",
"900 BLOCK E 2ND ST, LONG BEACH CA",
"1900 BLOCK E 2ND ST, LONG BEACH, CA",
"1000 BLOCK E 2ND ST, LONG BEACH, CA",
1300 BLOCK E 2OTH,
1300 BLOCK W 31ST,
1500 BLOCK W 31ST,
"800 BLOCK W 33RD WAY, LONG BEACH CA",
"800 BLOCK W 34TH ST, LONG BEACH CA",
700 BLOCK E 36TH ST,
400 BLOCK W 37TH ST,
"00 39TH PL, LONG BEACH CA",
600 E 3RD ST,
1600 BLOCK E 3RD ST,
1000 BLOCK E 3RD ST,
700 BLOCK W 3RD ST,
"230 W 3RD ST, LONG BEACH CA",
"1200 BLOCK E 3RD ST, LONG BEACH CA",
"1000 BLOCK E 3RD ST, LONG BEACH, CA",
"1600 BLOCK 3RD ST, LONG BEACHCA",
400TH TERMINO,
"1000 BLOCK E 45TH WAY, LONG BEACH CA",
200 BLOCK E 46TH ST,
4700TH BLOCK LURELEI,
"00 BLOCK W 47TH ST, LONG BEACH CA",
500 BLOCK W 4TH ST,
400 BLOCK E 4TH ST,
1700 BLOCK E 4TH ST,
300 E 4TH ST,
1073 E 4TH ST,
2400 BLOCK E 4TH ST,
1000 BLOCK 4TH ST,
"2500 BLOCK E 4TH ST, LONG BEACH CA",
"1400 BLOCK E 4TH ST, LONG BEACH CA",
"700 BLOCK E 4TH ST, LONG BEACH CA",
"3000 BLOCK E 4TH ST, LONG BEACH, CA",
"200 BLOCK 51ST ST, LONG BEACH CA",
"00 BLOCK W 51ST ST, LONG BEACH CA",
100 BLOCK W 52ND ST,
300 BLOCK 52ND ST,
"100 BLOCK W 52ND ST, LONG BEACH CA",
"400 BLOCK E 52ND ST, LONG BEACH CA",
1700 BLOCK 53RD ST,
10 54TH PL,
55TH / ATLANTIC,
300 BLOCK E 55TH ST,
1300 BLOCK E 55TH ST,
"300 BLOCK E 55TH ST, LONG BEACH CA",
"400 BLOCK E 55TH ST, LONG BEACH CA",
"300 BLOCK E 56TH ST, LONG BEACH CA",
"1300 BLOCK E 56TH ST, LONG BEACH CA",
"1200 BLOCK E 56TH ST, LONG BEACH CA",
"2700 BLOCK E 56TH WAY, LONG BEACH CA",
100 BLOCK E 57TH ST,
2700 BLOCK E 57TH ST,
"2700 BLOCK E 57TH ST, LONG BEACH CA",
"300 BLOCK E 57TH ST, LONG BEACH CA",
5800TH BLOCK OBISPO AVE,
"100 BLOCK E 59TH ST, LONG BEACH CA",
1800 BLOCK E 5TH ST,
1700 BLOCK E 5TH ST,
400 BLOCK 5TH ST,
"200 BLOCK W 5TH ST, LONG BEACH CA",
"600 BLOCK W 5TH ST, LONG BEACH CA",
"1000 BLOCK E 5TH ST, LONG BEACH CA",
"2800 BLOCK E 5TH ST, LONG BEACH, CA",
"400 BLOCK W 5TH ST, LONG BEACH, CA",
1500 BLOCK E 5TH STREET LONG BEACH CA,
"300 BLOCK E 60TH ST, LONG BEACH CA",
3400 BLOCK E 61ST ST,
300 BLOCK E 61ST STREET,
2800 BLOCK E 63RD ST,
1900 BLOCK 63RD ST,
2900 BLOCK E 63RD ST,
1300 BLOCK E 63RD ST X ORANGE AVE,
"1800 BLOCK E 63RD ST, LONG BEACH CA",
1200 BLOCK E 64TH ST,
"3400 BLOCK E 64TH ST, LONG BEACH",
"3100 BLOCK E 64TH ST, LONG BEACH CA",
"1900 BLOCK E 64TH ST, LONG BEACH CA",
"2200 BLOCK E 65TH ST, LONG BEACH, CA",
"1100 BLOCK E 66TH WAY, LONG BEACH",
"1100 BLOCK E 66TH WAY, LONG BEACH CA",
2500 BLOCK E 67TH ST,
200 BLOCK E 67TH ST,
3400 BLOCK 67TH ST,
147 E 67TH ST,
600 BLOCK E 67TH ST,
200 BLOCK E 67TH WAY,
"200 BLOCK W 67TH WAY, LONG BEACH",
"200 BLOCK W 67TH WAY, LONG BEACH CA",
"200 BLOCK E 67TH WAY, LONG BEACH CA",
"200 BLOCK E 67TH WAY, LONG BEACH, CA",
1200 BLOCK E 68TH ST,
1600 BLOCK E 68TH ST,
"100 BLOCK E 68TH ST, LONG BEACH CA",
"1800 BLOCK E 68TH ST, LONG BEACH CA",
"1500 BLOCK E 68TH ST, LONG BEACH, CA",
100 E 68TH WAY,
200 BLOCK E 69TH ST,
200 BLOCK E 69TH WAY,
"100 E 69TH WAY, LONG BEACH CA",
1900 BLOCK E 6TH ST,
600 BLOCK W 6TH ST,
600 BLOCK E 6TH ST,
"200 BLOCK W 6TH ST, LONG BEACH CA",
"2200 BLOCK E 6TH ST, LONG BEACH CA",
"2400 BLOCK E 6TH ST, LONG BEACH CA",
"7-10 FREEWAY NEAR LONG BEACH BLVD EXIT, LONG BEACH CA",
"7-10 FREEWAY, LONG BEACH, CA",
7-10 SOUTH / E ANAHEIM ST,
1100 BLOCK 71ST ST,
"1000 BLOCK E 71ST ST, LONG BEACH CA",
"1000 BLOCK E 71ST WAY, LONG BEACH CA",
1000 BLOCK E 72ND ST,
600 BLOCK 72ND ST,
7700TH BLOCK E SPRING ST,
7700TH E SPRING ST,
770O E SPRING ST,
2000 E 7TH,
2500 E 7TH ST,
2200 BLOCK E 7TH ST,
5200 BLOCK E 7TH ST,
5900 BLOCK E 7TH ST,
1000 BLOCK E 7TH ST,
7TH ST / ORANGE LONG BEACH CA,
"1100 BLOCK E 7TH ST, LONG BEACH CA",
"100 BLOCK E 7TH ST, LONG BEACH CA",
"1200 BLOCK 7TH ST, LONG BEACH CA",
"500 BLOCK 7TH ST, LONG BEACH CA",
"400 BLOCK E 7TH ST, LONG BEACH CA",
"5200 BLOCK 7TH ST, LONG BEACH CA",
"1800 E 7TH ST, LONG BEACH CA",
3600 E 8TH ST,
1400 BLOCK E 8TH ST,
"600 BLOCK W 8TH ST, LONG BEACH CA",
"3400 BLOCK E 8TH ST, LONG BEACH, CA",
300 BLOCK E 9TH ST,
300 E 9TH ST,
"1300 BLOCK 9TH ST, LONG BEACH CA",
"1600 BLOCK W 9TH ST, LONG BEACH CA",
ABANDONED AT NATURE CENTER,
ABANDONED AT SHELTER,
5500 BLOCK ACKERFIELD,
5500 ACKERFIELD,
5500 BLOCK ACKERFIELD AVE,
"5500 BLOCK ACKERFIELD, LONG BEACH CA",
"12700 BLOCK ACLARE ST, CERRITOS CA",
13100 ACORO PL,
"100 BLOCK E ADAIR ST, LONG BEACH CA",
"400 BLOCK E ADAIR ST, LONG BEACH CA",
"2600 BLOCK E ADAMS ST, CARSON, CA",
"2300 BLOCK ADRIATIC AVE, LONG BEACH CA",
"2400 BLOCK ADRIATIC AVE, LONG BEACH, CA",
4800 BLOCK AGATE AVE,
11000 BLOCK AGNES ST,
"8000 BLOCK AINSWORTH LN, LA PALAMA CA",
"8000 BLOCK AINSWORTH LN, LA PALMA",
"8000 BLOCK AINSWORTH LN, LA PALMA CA",
3200 BLOCK AIRFLITE WAY,
"100 BLOCK E ALAMEDA ST, COMPTON CA",
700 BLOCK ALAMITOS,
100 BLOCK ALAMITOS AVE,
1000 BLOCK ALAMITOS AVE,
900 BLOCK ALAMITOS AVE,
"800 BLOCK ALAMITOS AVE, LOMG BEACH CA",
"2000 BLOCK ALAMITOS AVE, LONG BEACH",
"1400 BLOCK ALAMITOS AVE, LONG BEACH CA",
"100 BLOCK ALAMITOS AVE, LONG BEACH, CA",
"900 BLOCK ALAMITOS AVE, LONG BEACH, CA",
"1700 BLOCK ALAMITOS AVE, LONG BEACH, CA",
"2000 BLOCK ALAMITOS AVE, SIGNAL HILL CA",
3800 BLOCK ALBERAN AVE,
2100 BLOCK ALBURRY,
2400 BLOCK ALBURY AVE,
3900 BLOCK ALBURY AVE,
"3700 BLOCK ALBURY AVE, LONG BEACH CA",
12700 ALCONBURY,
3900 BLOCK E ALLIN ST,
"19200 BLOCK ALLINGHAM, CERRITOS CA",
200 BLOCK E ALLINGTON ST,
400 BLOCK ALMOND AVE,
800 BLOCK ALOMITOS AVE,
"8500 BLOCK ALONDRA BLVD, PARAMOUNT, CA",
17600 ALORA,
"2200 BLOCK AMELIA CT, SIGNAL HILL CA",
2100 E ANAHEIM,
3816 E ANAHEIM,
5400 BLOCK E ANAHEIM,
3400 E ANAHEIM,
2400 E ANAHEIM,
"5000 BLOCK ANAHEIM AVE, LONG BEACH CA",
"5000 BLOCK E ANAHEIM RD, LONG BEACH CA",
"5300 BLOCK E ANAHEIM RD, LONG BEACH CA",
"3900 BLOCK E ANAHEIM RD, LONG BEACH, CA",
2500 E ANAHEIM ST,
3800 BLOCK E ANAHEIM ST,
2500 BLOCK ANAHEIM ST,
2000 BLOCK ANAHEIM ST,
100 BLOCK E ANAHEIM ST,
3800 BLOCK ANAHEIM ST,
4100 BLOCK E ANAHEIM ST,
600 BLOCK ANAHEIM ST,
2500 BLOCK E ANAHEIM ST,
3400 BLOCK E ANAHEIM ST,
1368 ANAHEIM ST,
2100 E ANAHEIM ST LONG BEACH CA,
"4000 BLOCK E ANAHEIM ST, LONG BEACH",
"600 BLOCK ANAHEIM ST, LONG BEACH CA",
"4200 BLOCK E ANAHEIM ST, LONG BEACH CA",
"2540 ANAHEIM ST, LONG BEACH CA",
"3300 BLOCK E ANAHEIM ST, LONG BEACH, CA",
"1400 BLOCK W ANAHEIM ST, LONG BEACH, CA",
"3800 BLOCK E ANAHEIM ST, LONG BEACH, CA",
"1300 W ANAHEIM ST, LONG BECH CA",
"3140 E ANAHEIM, LONG BEACH",
"1600 E ANAHEIM, LONG BEACH CA",
2300 BLOCK ANAHIEM,
3400 BLOCK E ANDY ST,
"13000 BLOCK ANDY ST, CERRITOS CA",
"3300 BLOCK ANDY ST, LONG BEACH CA",
"3400 BLOCK E ANDY ST, LONG BEACH CA",
"1700 APOLLO WAY, SEAL BEACH, CA",
5800 E APPAN,
5800 APPIAN WAY,
5900 BLOCK E APPIAN WAY,
"5200 BLOCK E APPIAN WAY, LONG BEACH, CA",
"5800 BLOCK E APPIAN WY, LONG BEACH, CA",
"900 BLOCK E APPLETON AVE, LONG BEACH, CA",
"1300 BLOCK E APPLETON S, LONG BEACH, CA 90802T",
1300 BLOCK APPLETON ST,
1600 BLOCK APPLETON ST,
"1100 BLOCK E APPLETON ST, LONG BEACH CA",
1100 BLOCK E APPLETONST,
"100 BLOCK AQUARIUM WAY, LONG BEACH",
"00 BLOCK AQUARIUM WAY, LONG BEACH CA",
12800 BLOCK ARABELLA ST,
3600 BLOCK E ARABELLA ST,
"300 BLOCK ARBOR BLVD, LONG BEACH CA",
300 BLOCK E ARBOR RD,
100 W ARBOR ST,
300 BLOCK E ARBOR ST,
100 BLOCK W ARBOR ST,
"400 BLOCK E ARBOR ST, LONG BEACH CA",
"2100 BLOCK W ARLINGTON SE, LONG BEACH CA",
1800 BLOCK W ARLINGTON ST,
"2100 BLOCK W ARLINGTON ST, LONG BEACH CA",
"3100 BLOCK ARMOURDALE, LONG BEACH",
500 BLOCK ARTESIA,
2000 E ARTESIA,
200 BLOCK W ARTESIA,
13700 BLOCK ARTESIA AVE,
3200 BLOCK ARTESIA BLVD,
500 BLOCK E ARTESIA BLVD,
200 BLOCK E ARTESIA BLVD,
1100 W ARTESIA BLVD,
1300 BLOCK E ARTESIA BLVD,
540 E ARTESIA BLVD,
"ARTESIA BLVD / GERRIT, CE",
"12900 BLOCK E ARTESIA BLVD, CERRITOS",
"12100 BLOCK ARTESIA BLVD, CERRITOS CA",
"3200 BLOCK E ARTESIA BLVD, LONG BEACH CA",
"3100 BLOCK E ARTESIA BLVD, LONG BEACH CA",
"2100 BLOCK E ARTESIA BLVD, LONG BEACH CA",
"400 BLOCK E ARTESIA BLVD, LONG BEACH CA",
"2400 BLOCK E ARTESIA BLVD, LONG BEACH, CA",
"1300 BLOCK E ARTESIA BLVD, LONG BEACH, CA 90805,",
300 BLOCK ARTESIA LN,
13500 BLOCK ASHWORTH PL,
"5600 BLOCK E ATHERTON ST, LONG BEACH CA",
4800 ATLANTIC,
6400 ATLANTIC,
5900 ATLANTIC,
4100 ATLANTIC,
2200 ATLANTIC,
1600 BLOCK ATLANTIC,
ATLANTIC / 20TH,
ATLANTIC / ANAHEIM,
ATLANTIC / BURNETT ST,
ATLANTIC / CARMELITOS,
5400 BLOCK ATLANTIC AVE,
3300 BLOCK ATLANTIC AVE,
5900 BLOCK ATLANTIC AVE,
4900 BLOCK ATLANTIC AVE,
500 BLOCK ATLANTIC AVE,
6300 ATLANTIC AVE,
2800 BLOCK ATLANTIC AVE,
1500 BLOCK ATLANTIC AVE,
900 BLOCK ATLANTIC AVE,
6500 BLOCK ATLANTIC AVE,
6100 BLOCK ATLANTIC AVE,
6700 BLOCK ATLANTIC AVE,
3900 BLOCK ATLANTIC AVE,
6400 BLOCK ATLANTIC AVE,
1600 BLOCK ATLANTIC AVE,
600 BLOCK ATLANTIC AVE,
5300 BLOCK ATLANTIC AVE,
6500 ATLANTIC AVE,
"6400 BLOCK ATLANTIC AVE, LONG BEACH",
"400 BLOCK ATLANTIC AVE, LONG BEACH CA",
"2300 BLOCK ATLANTIC AVE, LONG BEACH CA",
"2801 ATLANTIC AVE, LONG BEACH CA",
"300 BLOCK ATLANTIC AVE, LONG BEACH CA",
"5900 BLOCK ATLANTIC AVE, LONG BEACH CA",
"2400 BLOCK ATLANTIC AVE, LONG BEACH CA",
"6600 BLOCK ATLANTIC AVE, LONG BEACH CA",
"6100 BLOCK ATLANTIC AVE, LONG BEACH CA",
"6400 BLOCK ATLANTIC AVE, LONG BEACH CA",
"1600 BLOCK ATLANTIC AVE, LONG BEACH CA",
"3700 BLOCK ATLANTIC AVE, LONG BEACH CA",
"1700 BLOCK ATLANTIC AVE, LONG BEACH CA",
"3400 BLOCK ATLANTIC AVE, LONG BEACH CA",
"6700 BLOCK ATLANTIC AVE, LONG BEACH CA",
"2600 BLOCK ATLANTIC AVE, LONG BEACH CA",
"2200 BLOCK ATLANTIC AVE, LONG BEACH CA",
"5300 BLOCK ATLANTIC AVE, LONG BEACH CA",
"3000 BLOCK ATLANTIC AVE, LONG BEACH CA",
"5000 BLOCK ATLANTIC AVE, LONG BEACH CA",
"5400 BLOCK ATLANTIC AVE, LONG BEACH CA",
"5500 BLOCK ATLANTIC AVE, LONG BEACH CA",
"1800 ATLANTIC AVE, LONG BEACH CA",
"2600 BLOCK ATLANTIC AVE, LONG BEACH, CA",
"6900 BLOCK ATLANTIC AVE, LONG BEACH, CA",
"1600 BLOCK ATLANTIC AVE, LONG BEACH, CA",
"6400 BLOCK ATLANTIC AVE, LONG BEACH, CA",
"100 BLOCK ATLANTIC AVVE, LONG BEACH CA",
5400 BLOCK ATLANTIC BLVD,
ATLANTIC BLVD / ARTESIA BLVD,
7000 BLOCK ATLANTIC PL,
"7100 BLOCK ATLANTIC PL, LONG BEACH CA",
"2300 BLOCK ATLANTIC(ALLEY), LONG BEACH CA",
"20000 BLOCK AVENIDA PAMPLONA, CERRITOS CA",
5500 BLOCK AZURE WAY,
13000 BACH WAY,
"1600 BLOCK E BAILEY WAY, LONG BEACH CA",
600 BLOCK W BAKER ST,
"9500 BLOCK BALL RD, ANAHEIM CA",
"BALL ROAD / VALLEY VIEW, CYPRESS",
3600 BALTIC,
"3600 BLOCK BALTIC AVE, LONG BEACH CA",
"2000 BLOCK BALTIC AVE, LONG BEACH CA",
"2400 BLOCK BALTIC AVE, LONG BEACH CA",
100 BLOCK W BARCLAY ST,
"200 BLOCK E BARCLAY ST, LONG BEACH CA",
100 BLOCK BAY SHORE AVE,
2200 BAY VIEW DR,
6400 BLOCK BAYARD ST,
"BEACH / CHAPMAN, STANTON, CA",
"6800 BLOCK BELHURST AVE, LONG BEACHCA",
4300 BLOCK BELLFLOWER,
300 BELLFLOWER,
1800 BELLFLOWER,
BELLFLOWER / ELLIOTST,
1250 BELLFLOWER BLVD,
2900 BLOCK BELLFLOWER BLVD,
2000 BLOCK N BELLFLOWER BLVD,
"14500 BELLFLOWER BLVD, BELLFLOWER CA",
"1700 BLOCK BELLFLOWER BLVD, LONG BEACH",
"1200 BELLFLOWER BLVD, LONG BEACH",
"1200 BLOCK BELLFLOWER BLVD, LONG BEACH CA",
"2600 BLOCK BELLFLOWER BLVD, LONG BEACH CA",
"3000 BLOCK N BELLFLOWER BLVD, LONG BEACH CA",
"4800 BLOCK BELLFLOWER BLVD, LONG BEACH CA",
"2800 BLOCK BELLFLOWER BLVD, LONG BEACH CA",
"16200 BLOCK BELLFLOWER BLVE, BELLFLOWER CA",
"2200 BLOCK BELLFLOWER, LONG BEACH CA",
BELMONT PIER,
"8300 BLOCK BELMONT ST, BELLFLOWER",
"22400 BLOCK BELSHIRE AVE, HAWAIIAN GARDENS CA",
"19200 BLOCK BENFIELD AVE, CE",
1200 BENNETT AVE,
"200 BLOCK BENNETT AVE, LONG BEACH CA",
"00 BLOCK BENNETT AVE, LONG BEACH CA",
7100 BLOCK BERNER ST,
"BERTH 49 W PIER D ST, LONG BEACH, CA",
"2000 BLOCK BEVERLY PLZA, LONG BEACH CA",
13000 BLOCK BIGELOW,
"BIXBY PARK 130 CHERRY AVE, LONG BEACH",
6200 BLOCK BIXBY TERRACE DR,
"BLOCK PACIFIC AVE, LONG BEACH CA",
20200 BLOCK BLOOMFEILD AVE,
10800 BLOOMFIELD,
18600 BLOOMFIELD,
19700 BLOOMFIELD,
BLOOMFIELD / ARTESIA,
BLOOMFIELD / BALL RD,
"BLOOMFIELD / SOUTH ST, CERRITOS CA",
"19000 BLOCK BLOOMFIELD AVE, CERRITOS",
"18600 BLOOMFIELD AVE, CERRITOS CA",
"16600 BLOCK BLOOMFIELD AVE, CERRITOS CA",
"19700 BLOCK BLOOMFIELD AVE, CERRITOS CA",
"19900 BLOOMFIELD AVE, CERRITOS CA",
"18600 BLOCK BLOOMFIELD AVE, CERRITOS, CA",
5800 BOATHOUSE LN,
"5800 BLOCK BOATHOUSE LN, LONG BEACH, CA",
"2700 BOCK E 4TH ST, LOS ANGELES CA",
400 BLOCK BONITO AVE,
"200 BLOCK BONITO AVE, LONG BEACH CA",
100 BLOCK W BORT,
"11200 BLOCK BOS ST, CERRITOS CA",
"11000 BLOCK BRADFORD CIR, CERRITOS CA",
"12500 BLOCK BRANDO ST, CERRITOS CA 907",
1480 BRAYNT DR,
3400 BLOCK BRAYTON AVE,
"1000 BLOCK E BRENNER PL, LONG BEACH CA",
13100 BLOCK BRIARWOOD AVE,
"4500 BLOCK BRIERCREST AVE, LAKEWOOD, CA",
"9000 BLOCK BRIGHT AVE, WHITTIER, CA",
1800 BLOCK N BRITTON DR,
300 W BROADWAY,
600 BLOCK BROADWAY,
1700 BLOCK E BROADWAY,
400 BLOCK W BROADWAY,
"200 BLOCK E BROADWAY AVE, LONG BEACH CA",
900 BLOCK E BROADWAY LONG BEACH CA,
"1000 BLOCK E BROADWAY ST, LONG BEACH CA",
"400 W BROADWAY, LONG BEACH CA",
"100 BLOCK E BROADWAY, LONG BEACH CA",
12500 BUBBLING CREEK,
588 E BURNETT,
"1000 BLOCK E BURNETT ST, SIGNAL HILL, CA",
2800 BLOCK E CADE ST,
"17600 BLOCK CALIENTE PL, CERRITOS CA",
5400 BLOCK CALIFORNIA,
CALIFORNIA / 36TH ST,
5600 BLOCK CALIFORNIA AVE,
5400 BLOCK CALIFORNIA AVE,
"6300 BLOCK CALIFORNIA AVE, LONG BEACH CA",
"6100 BLOCK CALIFORNIA AVE, LONG BEACH CA",
"5900 BLOCK CALIFORNIA AVE, LONG BEACH, CA",
"5000 BLOCK CAMERINO ST, LAKEWOOD CA",
12000 BLOCK CAMINO VALENCIA,
"6300 BLOCK E CAMPUS WAY, LONG BEACH, CA",
"2100 BLOCK CANAL AVE, LONG BEACH CA",
"1400 BLOCK CANAL AVE, LONG BEACH, CA",
CANDLEWOOD / PARAMOUNT,
1700 W CANTON ST,
2100 BLOCK W CANTON ST,
"1800 BLOCK W CANTON ST, LONG BEACH CA",
"2000 BLOCK W CANTON ST, LONG BEACH CA",
"2300 BLOCK CARFAX AVE, LONG BEACH CA,",
6200 CARITA AVE,
"13100 BLOCK CARLYN ST, CERRITOS CA",
"6800 BLOCK E CARMEN ST, LONG BEACH",
"18100 BLOCK CARMENITA RD, CERRITOS CA",
"10500 BLOCK CARNABY ST, BELLFLOWER CA",
"12300 BLOCK CARNABY ST, CERRITOS CA",
"13400 BLOCK CARNABY ST, CERRITOS CA",
"13100 BLOCK CAROLYN ST, CERRITOS CA",
300 CARROL PARK W,
5400 E CARSON,
5500 E CARSON,
"CARSON / NORWALK, HAWAIIAN GARDENS, CA",
"CARSON / PIONEER BLVD, HAWAIIAN GARDENS",
7000 BLOCK CARSON BLVD LONG BEACH CA,
7200 BLOCK CARSON BLVD LONG BEACH CA,
"7600 BLOCK CARSON BLVD, LONG BEACH CA",
"7800 BLOCK CARSON BLVD, LONG BEACH CA",
2100 BLOCK E CARSON ST,
7600 BLOCK CARSON ST,
"900 BLOCK E CARSON ST, LONG BEACH",
"5900 BLOCK E CARSON ST, LONG BEACH",
"1000 BLOCK W CARSON ST, LONG BEACH CA",
"6700 BLOCK E CARSON ST, LONG BEACH CA",
"7500 BLOCK E CARSON ST, LONG BEACH CA",
"7500 BLOCK CARSON ST, LONG BEACH CA",
"4300 BLOCK E CARSON ST, LONG BEACH CA",
"6100 BLOCK CARSON ST, LONG BEACH CA",
"2000 BLOCK E CARSON ST, LONG BEACH CA",
"5500 E CARSON ST, LONG BEACH CA",
"5400 BLOCK CARSON ST, LONG BEACH CA",
"7700 BLOCK E CARSON ST, LONG BEACH CA",
"4500 BLOCK E CARSON ST, LONG BEACH CA",
"5500 BLOCK E CARSON ST, LONG BEACH CA",
"5500 BLOCK E CARSON ST, LONG BEACH, CA",
"7700 BLOCK CARSON, LONG BEACH",
"1400 BLOCK CARTAGENA ST, LONG BEACH CA",
"1000 BLOCK E CARTEGENA, LONG BEACH",
1900 BLOCK CASPIAN,
2000 CASPIAN,
1800 BLOCK CASPIAN AVE,
2700 BLOCK CASPIAN AVE,
2300 BLOCK CASPIAN AVE,
"3200 BLOCK CASPIAN AVE, LONG BEACH CA",
"1600 BLOCK CASPIAN AVE, LONG BEACH CA",
12700 BLOCK CASTLEFORD LN,
"10700 BLOCK CATALINA ST, LOS ALAMITOS",
"5900 BLOCK CCALIFORNIA AVE, LONG BEACH CA",
"18600 BLOCK CECELIA WAY, CERRITOS CA",
400 CEDAR,
1200 BLOCK CEDAR,
1400 BLOCK CEDAR AVE,
3700 BLOCK CEDAR AVE,
1000 BLOCK CEDAR AVE,
1500 CEDAR AVE,
300 BLOCK CEDAR AVE,
2300 BLOCK CEDAR AVE,
2000 BLOCK CEDAR AVE,
"3600 BLOCK CEDAR AVE, LONG BEACH CA",
"300 BLOCK CEDAR AVE, LONG BEACH CA",
"500 BLOCK CEDAR AVE, LONG BEACH CA",
"1000 BLOCK CEDAR AVE, LONG BEACH CA",
"1800 BLOCK CEDAR AVE, LONG BEACH, CA",
"40 CEDAR WALK, LONG BEACH CA",
CENTER,
7600 BLOCK S CENTRAL AVE / E 76TH PL,
"5100 BLOCK E CENTRALIA, LONG BEACH",
3500 BLOCK CERRITOS AVE,
1000 BLOCK CERRITOS AVE,
500 BLOCK CERRITOS AVE,
800 BLOCK CERRITOS AVE,
"3500 BLOCK CERRITOS AVE, LONG BEACH",
"400 BLOCK CERRITOS AVE, LONG BEACH CA",
"600 BLOCK CERRITOS AVE, LONG BEACH CA",
"3300 BLOCK CERRITOS AVE, LONG BEACH CA",
"6500 BLOCK CERRITOS AVE, LONG BEACH CA",
"700 BLOCK CERRITOS AVE, LONG BEACH CA",
"1700 BLOCK CERRITOS AVE, LONG BEACH, CA",
"3500 BLOCK CERRITOS AVE, LOS ALAMITOS CA",
CERRITOS PARK EAST,
3400 BLOCK CHARLEMAGNE,
4100 BLOCK CHARLEMAGNE AVE,
3600 BLOCK CHARLEMANGE AVE,
3100 BLOCK CHATWIN AVE,
3200 BLOCK CHATWIN AVE,
2800 BLOCK CHERRY,
6500 CHERRY,
6400 CHERRY AVE,
3100 BLOCK CHERRY AVE,
6200 BLOCK CHERRY AVE,
6700 BLOCK CHERRY AVE,
1700 BLOCK CHERRY AVE,
1900 BLOCK CHERRY AVE,
400 BLOCK CHERRY AVE,
3841 CHERRY AVE,
6900 CHERRY AVE,
2100 BLOCK CHERRY AVE,
6800 BLOCK CHERRY AVE,
3600 BLOCK CHERRY AVE,
6900 BLOCK CHERRY AVE,
5800 BLOCK CHERRY AVE,
200 BLOCK CHERRY AVE,
3800 BLOCK CHERRY AVE,
CHERRY AVE / WILLOW ST,
1700 BLOCK CHERRY AVE AT PCH,
1700 BLOCK CHERRY AVE LONG BEACH CA,
"5800 BLOCK CHERRY AVE, LONG BEACH CA",
"5000 BLOCK CHERRY AVE, LONG BEACH CA",
"1800 BLOCK CHERRY AVE, LONG BEACH CA",
"100 BLOCK CHERRY AVE, LONG BEACH CA",
"1300 BLOCK CHERRY AVE, LONG BEACH CA",
"400 BLOCK CHERRY AVE, LONG BEACH CA",
"6100 BLOCK CHERRY AVE, LONG BEACH CA",
"6800 BLOCK CHERRY AVE, LONG BEACH CA",
"5200 BLOCK CHERRY AVE, LONG BEACH CA",
"3700 BLOCK CHERRY AVE, LONG BEACH CA",
"1600 BLOCK CHERRY AVE, LONG BEACH CA",
"1700 BLOCK CHERRY AVE, LONG BEACH CA",
"5500 BLOCK CHERRY AVE, LONG BEACH CA",
"1500 BLOCK CHERRY AVE, LONG BEACH CA",
"1000 BLOCK CHERRY AVE, LONG BEACH CA",
"3200 BLOCK CHERRY AVE, LONG BEACH CA",
"6700 BLOCK CHERRY AVE, LONG BEACH CAA",
"700 BLOCK CHERRY AVE, LONG BEACH, CA",
"2500 BLOCK CHERRY AVE, SIGNAL HILL CA",
"2400 BLOCK CHERRY AVE, SIGNAL HILL CA",
"CHERRY AVENUE / EAST POINSETTIA STREET, LONG BEACH, CA",
CHERRY AVENUE PARK,
5800 BLOCK CHERRY STREET LONG BEACH CA,
"2400 BLOCK CHERY AVE, SIGNAL HILL CA",
"1000 BLOCK CHESNUT AVE, LONG BEACH, CA",
970 W CHESTER PL LONG BEACH CA,
"900 BLOCK CHESTER PL, LONG BEACH CA",
"900 BLOCK W CHESTER PL, LONG BEACH CA",
2600 BLOCK CHESTNUT,
CHESTNUT,
10800 CHESTNUT,
"CHESTNUT / ANAHEIM, LONG BEACH CA",
1300 BLOCK CHESTNUT AVE,
1400 BLOCK CHESTNUT AVE,
500 BLOCK CHESTNUT AVE,
400 BLOCK CHESTNUT AVE,
2000 BLOCK CHESTNUT AVE,
1000 BLOCK CHESTNUT AVE,
"1200 BLOCK CHESTNUT AVE, LONG BEACH",
"2000 BLOCK CHESTNUT AVE, LONG BEACH",
"1000 BLOCK CHESTNUT AVE, LONG BEACH CA",
"2600 BLOCK CHESTNUT AVE, LONG BEACH CA",
"2800 BLOCK CHESTNUT AVE, LONG BEACH CA",
"700 BLOCK CHESTNUT AVE, LONG BEACH CA",
"500 BLOCK CHESTNUT AVE, LONG BEACH CA",
"1400 BLOCK CHESTNUT AVE, LONG BEACH CA",
"2500 BLOCK CHESTNUT AVE, LONG BEACH CA",
"1500 BLOCK CHESTNUT AVE, LONG BEACH CA",
"800 BLOCK CHESTNUT AVE, LONG BEACH CA",
"3200 BLOCK CHESTNUT AVE, LONG BEACH CA",
"300 BLOCK CHESTNUT AVE, LONG BEACH, CA",
10700 CHESTNUT ST,
5600 BLOCK CIRCLE DRIVE,
800 BLOCK E CLAIBORNE DR,
"4700 BLOCK CLAIR DEL AVE, LONG BEACH, CA",
900 BLOCK CLAIRBORNE DR,
3100 BLOCK CLAIRMORE AVE,
100 CLAREMONT,
"3400 BLOCK CLAREMORE AVE, LONG BEACH CA",
2900 BLOCK CLAREMORE LONG BEACH,
3000 BLOCK CLARK,
1700 CLARK,
"4000 BLOCK CLARK AVE, LONG BEACH CA",
"1800 BLOCK CLARK AVE, LONG BEACH CA",
"2800 BLOCK CLARK AVE, LONG BEACH CA",
"2900 BLOCK CLARK AVE, LONG BEACH CA",
"4300 BLOCK CLARK AVE, LONG BEACH, CA ,90808",
"22300 BLOCK CLARKDALE AVE, LONG BEACH CA",
"18500 BLOCK CLYDEPARK, CERRITOS CA",
6800 BLOCK COACHELLA AVE,
"6900 BLOCK COACHELLA AVE, LONG BEACH CA",
5100 E COLORADO,
4008 COLORADO,
COLORADO LAGOON NEAR APPIAN WAY,
3000 BLOCK E COLORADO ST,
"2900 BLOCK E COLORADO ST, LONG BEACH",
1800 W COLUMBIA,
"1800 BLOCK W COLUMBIA ST, LONG BEACH, CA90810",
"2000 BLOCK COLUMBIA ST, LONG BECH CA",
COMMELBACK / TEMPLE,
COMPTON (ADD UNKNOWN),
6200 E CONANT,
"4000 BLOCK E CONANT AVE, LONG BEACH, CA",
3000 CONQUISTA,
"3131 COOLDIG ST, LONG BEACH CA",
2800 BLOCK E COOLIDGE AVE LONG BEACH CA,
3000 BLOCK COOLIDGE ST,
"2900 BLOCK E COOLIDGE ST, LONG BEACH CA",
"300 BLOCK E COOLIDGE ST, LONG BEACH CA",
1400 BLOCK CORONADO,
600 BLOCK CORONADO AVE,
300 BLOCK CORONADO AVE,
"6300 BLOCK CORONADO AVE, LONG BEACH",
"400 BLOCK CORONADO AVE, LONG BEACH CA",
"700 BLOCK CORONADO AVE, LONG BEACH CA",
"1000 BLOCK CORONADO AVE, LONG BEACH CA",
"1700 BLOCK CORONADO AVE, LONG BEACH CA",
"1700 BLOCK CORONADO AVE, LONG BEACH, CA",
"800 BLOCK CORONADO AVE, LONG BEACJH CA",
"2700 BLOCK CORONADO PL, LONG BEACH, CA",
17200 BLOCK CORTNER AVE,
3800 COUNTRY CLUB DR,
3900 BLOCK COUNTRY CLUB DR,
"3800 BLOCK COUNTRY CLUB DR, LONG BEACH CA",
"200 BLOCK COVINA AVE, LONG BEACH CA",
"400 BLOCK W COWLES ST, LONG BEACH CA",
"600 BLOCK W COWLES, LONG BEACH CA",
CP COULDNT REMEMBER,
"3200 BLOCK E CURRY ST, LONG BEACH CA",
67009 BLOCK CURTIS AVE,
"6600 BLOCK CURTIS AVE, LONG BEACH CA",
5500 BLOCK DAIRY AVE,
"5600 BLOCK DAIRY AVE, LONG BEACH CA",
1200 DAISY,
2300 DAISY,
1200 BLOCK DAISY AVE,
3100 BLOCK DAISY AVE,
2200 BLOCK DAISY AVE,
500 BLOCK DAISY AVE,
"1200 BLOCK DAISY AVE, LONG BEACH CA",
"1300 BLOCK DAISY AVE, LONG BEACH CA",
"4700 BLOCK DAISY AVE, LONG BEACH CA",
"900 BLOCK DAISY AVE, LONG BEACH CA",
"1200 BLOCK DAISY AVE, LONG BEACH, CA",
"100 BLOCK W DAMERON ST, LONG BEACH CA",
"00 BLOCK W DAMERON ST, LONG BEACH CA",
11000 BLOCK DAVENPORT ROAD,
"12900 BLOCK DAWN DR, CERRITOS CA",
788 DAWNSON AVE,
1100 DAWSON,
700 DAWSON,
700 BLOCK DAWSON AVE,
"1300 BLOCK DAWSON AVE, LOMNG BEACHCA",
"1000 BLOCK DAWSON AVE, LONG BEACH CA",
"700 BLOCK DAWSON AVE, LONG BEACH CA",
"1300 BLOCK DAWSON AVE, LONG BEACH, CA",
"700 BLOCK DAWSON AVE, LONG BEACH, CA",
"1100 BLOCK DAWSON AVE, LONG BEACH, CA",
"2300 BLOCK DAWSON AVE, SIGNAL HILL CA",
6200 BLOCK DE FOREST AVE,
1200 BLOCK DE FOREST AVE,
"6200 BLOCK DE FOREST AVE, LONG BEACH CA",
"6700 BLOCK E DE LEON AVE, LONG BEACH, CA",
"300 BLOCK DE NEVE DR, LOS ANGELES CA",
5500 BLOCK DEBORAH ST,
5900 BLOCK DEFOREST,
"5900 BLOCK DEFOREST AVE, LONG BEACH",
"2200 BLOCK DEFOREST, LONG BEACH CA",
200 BLOCK E DEL AMO,
"200 BLOCK DEL AMO BLVD, LONG BEACH CA",
"1600 BLOCK E DEL AMO BLVD, LONG BEACH, CA",
"200 BLOCK E DEL AMO BLVD, LONG BEACH, CA",
"13600 BLOCK DEL MONTE DR, SEAL BEACH CA",
6800 BLOCK DELTA AVE,
3600 BLOCK DELTA AVE,
3700 BLOCK DELTA AVE,
"3500 BLOCK DENVER AVE, LONG BEACH CA",
"19300 BLOCK DERBYSHIRE LN, CERRITOS CA",
12500 DESTINO,
13400 DESTINO,
"19400 BLOCK DIAMOND COURT, CERRITOS CA",
19500 DONNA,
DOWN BY THE BEACH,
"6700 BLOCK DOWNEY AVE, LONG BEACH",
"16200 BLOCK DOWNEY AVE, PARAMOUNT, CA",
12300 DROXFORD,
"10760 DROXFORD ST, CERRITOS, CA",
"12900 BLOCK DROXFORD, CERRITOS CA",
DUMPED IN SHELTER PLOT,
"6100 BLOCK DUNROBIN AVE, LAKEWOOD CA",
E SEVENTH ST / REDONDO AVE,
E TERRACE / LEMON AVE,
5201 E7TH,
2200 BLOCK EARL AVE,
1600 EARL WARREN DR,
2700 EAST 3RD ST,
"3140 EAST ANAHEIM, LONG BEACH",
800 BLOCK EAST OCEAN,
6900 BLOCK EASTINDALE AVE,
"6900 BLOCK EASTONDALE AVE, LONG BEACH CA",
3100 EASY,
2400 BLOCK EASY AVE,
2200 BLOCK EASY AVE,
"2700 BLOCK EASY AVE, LONG BEACH CA",
"2800 BLOCK EASY AVE, LONG BEACH CA",
"2500 BLOCK EASY AVE, LONG BEACH CA",
"2100 BLOCK EASY AVE, LONG BEACH, CA 908",
"12200 BLOCK EBERLE PL, CERRITOS CA",
2900 EDINGER,
"8400 BLOCK EDINGER AVE, HUNTINGTON BEACH CA",
EL DORADO DOG PARK,
EL DORADO NATURE CENTER,
EL DORADO PARK,
3000 BLOCK EL DORADO PARK,
EL DORADO PARK AREA 3 NEAR LAKE LONG BEACH CA,
"EL DORADO PARK AREA 3, LONG BEACH CA",
EL DORADO PARK AREA III,
EL DORADO PARK BY GOLF COURSE,
EL DORADO PARK EAST GLIDER FIELD,
"EL DORADO PARK, LONG BEACH",
5400 BLOCK EL JARDIN ST,
"5400 BLOCK E EL JARDIN ST, LONG BEACH CA",
7000 E EL PASEO,
7000 BLOCK E EL PASEO ST,
7000 BLOCK EL PASEO ST,
6200 BLOCK E EL PASEO ST LONG BEACH,
"5200 BLOCK E EL PRADO ,LONG BEACH CA",
12000 BLOCK ELGERS ST,
100 BLOCK E ELLIS,
"00 BLOCK ELLIS ST, LONG BEACH CA",
"100 BLOCK E ELLIS ST, LONG BEACH, CA",
700 ELM,
ELM / PLYMOUTH AVE,
2400 BLOCK ELM AVE,
"700 BLOCK ELM AVE, LONG BEACH CA",
"2500 BLOCK ELM AVE, LONG BEACH CA",
"2300 BLOCK ELM AVE, LONG BEACH CA",
"5600 BLOCK ELM AVE, LONG BEACH CA",
"3300 BLOCK ELM AVE, LONG BEACH, CA",
"6200 BLOCK EMERALD COVE, LONG BEACH CA",
335 EMPIRE LANDING,
"13000 BLOCK ESPINHEIRA DR, CERRITOS",
13100 ESSEX,
"600 BLOCK ESTHER ST, LONG BEACH CA",
"400 BLOCK E ESTHER ST, LONG BEACH CA",
"700 BLOCK W ESTHER ST, LONG BEACH CA",
1300 BLOCK ESTHER STREET LONG BEACH CA,
"500 BLOCK E ESTHER, LONG BEACH, CA",
"9100 BLOCK ETHEL ST, CYPRESS CA",
2500 BLOCK EUCALYPTUS AVE,
"2500 BLOCK EUCALYPTUS AVE, LONG BEACH CA",
"3200 BLOCK EUCALYPTUS AVE, LONG BEACH CA",
"700 BLOCK EUCLID AVE, LONG BEACH CA",
EXCELSIOR DR / WHEATSTONE NORWALK,
"19900 BLOCK FAGAN AVE, CERRITOS CA",
"900 BLOCK FAIRBANKS AVE, LONG BEACH",
"3400 BLOCK FALCON AVE, LONG BEACH",
"4600 BLOCK FALCON AVE, LONG BEACH CA",
"4000 BLOCK FALCON AVE, LONG BEACH CA",
"4500 BLOCK FALCON AVE, LONG BEACH CA",
"3800 BLOCK FARQUHAR AVE, LOS ALAMITOS CA",
2200 BLOCK FASHION AVE,
2400 BLOCK FASHION AVE,
"3100 BLOCK FASHION AVE, LONG BEACH CA",
"3000 BLOCK FASHION AVE, LONG BEACH CA",
2945 FASHION AVENUE,
"3400 BLOCK FELA AVE, LONG BEACH",
"10400 BLOCK FERINA ST, BELLFLOWER CA",
4900 BLOCK E FERRO ST,
"3000 BLOCK FIDLER AVE, LONG BEACH CA",
4500 FIR AVE,
5200 BLOCK E FLAGSTONE,
"5600 BLOCK FLAGSTONE ST, LONG BEACH, CA",
"6600 BLOCK FLATROCK DR, BAKERSFIELD",
600 FLINT,
600 BLOCK FLINT AVE,
"11500 BLOCK FLOSSMOOR RD, SANTA FE SPRINGS CA",
"2700 BLOCK FOREMAN AVE, LONG BEACH, CA",
"100 BLOCK W FORHAN ST, LONG BEACH CA",
3800 BLOCK E FOUNTAIN ST,
"1100 BLOCK FREELAND ST, LONG BAECH CA",
1700 BLOCK FREEMAN AVE,
800 BLOCK FREEMAN AVE LONGCH CA 90804 BE,
"700 BLOCK FREEMAN AVE, LONG BEACH CA",
"710 FREEWAY / 405 FREEWAY, LONG BEACH CA",
405 FREEWAY / 710,
"405 FREEWAY / CHERRY AVE, LONG BEACH CA",
"405 FREEWAY / LAKEWOOD, LONG BEACH CA",
710 N FREEWAY / OCEAN BLVD,
710 FREEWAY / PACIFIC COAST HWY,
605 FREEWAY AT 405 FREEWAY,
710 FREEWAY AT 6TH ST,
"710 FREEWAY AT 6TH ST, LONG BEACH CA",
"710 FREEWAY AT ARTESIA BLVD, LONG BEACH CA",
91 FREEWAY AT CARMENITA ROAD,
"91 FREEWAY AT CHERRY AVE, LONG BEACH CA",
91 FREEWAY AT CHERRY ST,
91 FREEWAY AT DOWN AVE,
405 FREEWAY AT LAKEWOOD BLVD,
405 FREEWAY AT LONG BEACH BLVD,
"405 FREEWAY AT LONG BEACH BLVD, LONG BEACH CA",
"710 FREEWAY AT PCH, LONG BEACH CA",
710 FWY,
91 W FWY / CHERRY AVE,
710 FWY / LONG BEACH BLVD,
710 FWY BY 7TH ST,
91 FWY EASTBOUND CERRITOS CA,
405 FWY MAGNOLIA AVE / W WARDLOW RD,
103 FWY SOUTH OF WILLOW,
6600 BLOCK GALE AVE,
2900 BLOCK GALE AVE,
"2200 BLOCK GALE AVE, LONG BEACH",
"2400 BLOCK GALE AVE, LONG BEACH CA",
"3400 BLOCK GALE AVE, LONG BEACH CA",
"3300 BLOCK GALE AVE, LONG BEACH, CA",
"3000 BLOCK GALE AVE, LONG BEACH, CA",
1800 GARDENIA,
700 BLOCK GARDENIA AVE,
6700 BLOCK GARDENIA AVE,
5030 GARDENIA AVE,
5000 BLOCK GARDENIA AVE,
"900 BLOCK GARDENIA AVE, LONG BEACH CA",
"1800 BLOCK GARDENIA AVE, LONG BEACH CA",
"3500 BLOCK GARDENIA AVE, LONG BEACH CA",
"1800 BLOCK GARDENIA, LONG BEACH, CA",
"7800 BLOCK E GARNER ST, LONG BEACH CA",
3700 BLOCK GAVIOTA,
4300 BLOCK GAVIOTA AVE,
3400 BLOCK GAVIOTA AVE,
6700 BLOCK GAVIOTA AVE,
800 BLOCK GAVIOTA AVE,
900 BLOCK GAVIOTA AVE,
"1100 BLOCK GAVIOTA AVE, LONG BEACH CA",
"200 BLOCK GAVIOTA AVE, LONG BEACH CA",
"800 BLOCK GAVIOTA AVE, LONG BEACH CA",
"1770 GAVIOTA AVE, LONG BEACH CA",
"4400 BLOCK GAVIOTA AVE, LONG BEACH CA",
"2400 BLOCK GAVIOTA AVE, SIGNAL HILL CA",
"2200 BLOCK GAVIOTA AVE, SIGNAL HILL CA",
"2000 BLOCK W GAYLORD ST, LONG BEACH, CA",
"GERALD DESMOND BRIDGE, LONG BEACH, CA",
"17900 BLOCK GERRITT PL, CERRITOS CA",
300 GLADYS,
1000 BLOCK GLADYS,
1800 GLADYS,
700 GLADYS,
1700 BLOCK GLADYS AVE,
1000 BLOCK GLADYS AVE,
"1100 BLOCK GLADYS AVE, LONG BEACH CA",
"300 BLOCK GLADYS AVE, LONG BEACH CA",
1000 BLOCK GLADYS X E 10TH ST,
3000 BLOCK GOLD STAR DR,
3000 BLOCK N GOLD STAR DR,
"3000 BLOCK N GOLD STAR DR, LONG BEACH CA",
3000 BLOCK GOLDEN AVE,
3400 BLOCK GOLDEN AVE,
"2700 GOLDEN AVE, LONG BEACH",
"401 GOLDEN AVE, LONG BEACH CA",
"2600 BLOCK GOLDEN AVE, LONG BEACH CA",
"2200 BLOCK GOLDEN AVE, LONG BEACH CA",
"3400 BLOCK GOLDEN AVE, LONG BEACH, CA",
"2500 BLOCK GOLDEN AVE, LONG BEACH, CA",
1600 BLOCK GOLDEN RAIN RD,
100 GOLDEN SHORE LONG BEACH CA,
"4200 BLOCK GOLDFIELD AVE, LONG BEACH CA",
"3000 BLOCK GOLDSTAR, LONG BEACH CA",
11400 GONSALVES,
"11000 BLOCK GONSALVES PL, CERRITOS CA",
100 BLOCK E GORDON ST,
"100 BLOCK GRANADA AVE, LONG BEACH, CA",
1000 GRAND,
"4400 BLOCK GREEN AVE, LOS ALAMITOS CA",
"3900 BLOCK GREENBRIER RD, LONG BEACH CA",
"19900 BLOCK GRIDLEY RD, CERRITOS CA",
4400 BLOCK GUNDRY AVE,
5800 BLOCK GUNDRY AVE,
"6000 BLOCK GUNDRY AVE, LONG BEACH CA",
"4400 BLOCK GUNDRY, LONG BEACH CA",
3400 BLOCK HACKETT AVE,
1400 BLOCK HACKETT AVE,
"4200 BLOCK HACKETT, LAKEWOOD, CA",
5600 E HANBURY,
1900 BLOCK HARBOR AVE,
1200 BLOCK HARBOR AVE,
"6700 BLOCK HARBOR AVE, LONG BEACH",
"1900 BLOCK HARBOR AVE, LONG BEACH CA",
"1400 BLOCK HARBOR AVE, LONG BEACH CA",
"6500 BLOCK E HARCO ST, LONG BEACH CA",
100 BLOCK E HARCOURT ST LONG BEACH CA,
2000 BLOCK E HARDING ST,
3600 BLOCK HARDING ST,
"1600 BLOCK E HARDING ST, LONG BEACH CA",
"1100 BLOCK E HARDING ST, LONG BEACH CA",
"400 BLOCK E HARDING ST, LONG BEACH CA",
"2200 BLOCK E HARDING ST, LONG BEACH CA",
"3200 BLOCK HARDING ST, LONG BEACH CA",
"1800 BLOCK HARDING ST, LONG BEACH CA",
"1800 BLOCK E HARDING ST, LONG BEACH CA",
1800 BLOCK E HARDWICK,
1500 BLOCK HARDWICK ST,
"1700 BLOCK HAROBR AVE, LONG BEACH90810",
HARRISBURG / SHAKESPEARE ROSSMOOR,
13000 BLOCK HART PL,
"18000 BLOCK HARVEST , CERRITOS",
4100 BLOCK HATHAWAY,
"3400 BLOCK HATHAWAY AVE, LONG BEACH CA",
"20300 BLOCK HAWAIIAN AVE, LAKEWOOD CA",
2400 BLOCK HAYES AVE,
4700 HAZELBROO,
HEARTWELL PARK,
"3400 BLOCK HEATHER RD, LONG BEACH CA",
3600 BLOCK E HEDDA,
1000 BLOCK E HELLMAN ST,
1100 BLOCK HELLMAN ST,
1300 BLOCK E HELLMAN ST,
1700 BLOCK HENDERSON,
"1900 BLOCK HENDERSON AVE, LONG BEACH CA",
"1900 HENDERSON AVE, LONG BEACH CA",
"300 BLOCK HERMOSA AVE, LONG BEACH",
1500 BLOCK HERNDERSON AVE,
"4700 BLOCK HERSHOLT AVE, LONG BEACH CA",
"1230 BLOCK HIGHLAND AVE, DUARTE CA",
1800 BLOCK E HILL ST,
600 E HILL ST,
2300 BLOCK HILL ST,
"1000 BLOCK E HILL ST, LONG BEACH CA",
"500 BLOCK E HILL ST, LONG BEACH CA",
"900 BLOCK E HILL ST, LONG BEACH, CA",
"2500 BLOCK HILL STREET, LONG BEACH, CA 90810 (CABRILLO HS FIELD)",
800 BLOCK HOFFMAN AVE,
"800 BLOCK HOFFMAN AVE, LONG BEACH",
"1100 BLOCK HOFFMAN AVE, LONG BEACH CA",
"1000 BLOCK HOFFMAN AVE, LONG BEACH CA",
17900 HOLMES,
"200 BLOCK E HOME ST, LONG BEACH CA",
"4300 BLOCK HOWARD AVE, LOS ALAMITOS, CA",
100 BLOCK HULLETT,
160 E HULLETT,
"4400 BLOCK HUNGERFORD, LAKEWOOD, CA",
"17200 BLOCK IBEX AVE, CERRITOS CA",
405 IN SIGNAL HILL,
INGLEWOOD,
12400 BLOCK INTERIOR CIR,
2000 BLOCK IROQUIOS AVE,
"2200 BLOCK IROQUOIS AVE, LONG BEACH",
"3700 BLOCK IROQUOIS AVE, LONG BEACH CA",
"3700 BLOCK IROQUOIS AVE, LONG BEACH, CA",
4100 BLOCK E JACINTO WAY,
"1200 BLOCK E JACKSON ST, LONG BEACH CA",
"1200 BLOCK E JACKSON ST, LONG BECH CA",
3400 BLOCK JANICE ST,
"JAYMILLS / OSGOOD AVE, LONG BEACH",
"18400 BLOCK JEFFREY AVE, CERRITOS CA",
5800 JOHN AVE,
"6100 BLOCK JOHN AVE, LONG BEACH CA",
"6000 BLOCK JOHN AVE, LONG BEACH CA",
"2100 BLOCK JOHNSON CT, TORRANCE CA",
"1400 BLOCK JUDSON AVE, LONG BEACH CA",
200 BLOCK JUNIPERO,
2100 BLOCK JUNIPERO,
100 JUNIPERO,
200 BLOCK JUNIPERO AVE,
"1200 BLOCK JUNIPERO AVE, LONG BEACH",
"1300 BLOCK JUNIPERO AVE, LONG BEACH CA",
"1500 BLOCK JUNIPERO AVE, LONG BEACH CA",
"00 BLOCK JUNIPERO AVE, LONG BEACH CA",
"900 BLOCK JUNIPERO AVE, LONG BEACH, CA",
3000 BLOCK KALLIN AVE,
"118700 KAMSTRA AVE, CERRITOS CA",
"3100 BLOCK KANSAS AVE, SOUTH GATE",
"3200 BLOCK KAREN AVE, LONG BEACH",
"3700 BLOCK KAREN AVE, LONG BEACH CA",
"KATELLA / FARQUHAR, LOS ALAMITOS CA",
3700 BLOCK KATELLA AVE,
"4400 BLOCK KATELLA AVE, LOS ALAMITOS CA",
"5300 BLOCK KATELLA AVE, LOS ALAMITOS, CA",
"6450 KATELLA, CYPRESS",
6900 E KEYNOTE,
6800 BLOCK KEYNOTE ST,
"6100 BLOCK E KEYNOTE ST, LONG BEACH CA",
"5700 BLOCK KILLDEE ST, LONG BEACH CA",
"5800 BLOCK E KILLDEE ST, LONG BEACH CA",
18900 KINGS ROW,
"6300 BLOCK KNIGHT AVE, LONG BEACH CA",
"3900 BLOCK KNOXVILLE, LONG BEACH CA",
"3400 BLOCK LA JARA ST, LONG BEACH CA",
6700 E LA MARIMBA,
3600 LADOGA,
3300 LADOGA,
3000 BLOCK LADOGA AVE,
2200 BLOCK LAKEWOOD,
4500 LAKEWOOD,
4800 LAKEWOOD,
LAKEWOOD / WILLOW,
4000 BLOCK LAKEWOOD AT THE LBX HANGER,
1900 BLOCK LAKEWOOD AVE,
2600 BLOCK LAKEWOOD BLVD,
"4900 BLOCK LAKEWOOD BLVD, LAKEWOOD, CA",
"2400 BLOCK LAKEWOOD BLVD, LONG BEACH",
"2500 BLOCK LAKEWOOD BLVD, LONG BEACH CA",
"3000 BLOCK LAKEWOOD BLVD, LONG BEACH CA",
"3800 BLOCK LAKEWOOD BLVD, LONG BEACH CA",
"4200 BLOCK LAKEWOOD BLVD, LONG BEACH, CA",
"2600 BLOCK N LAKEWOOD BLVD, LONG BEACH, CA",
"500 BLOCK LAKEWOOD CENTER MALL, LAKEWOOD CA",
5100 LAMPSON,
"5300 LANAI AVE, LONG BEACH CA",
"5600 BLOCK LANGPORT AVE, LONG BEACH CA",
"5200 BLOCK E LAS LOMAS ST, LONG BEACH CA",
"16600 BLOCK LAURELBROOW WY, CERRITOS CA",
"1800 BLOCK LAVE AVE, LONG BEACH CA",
LBACS,
LBAE,
"4600 BLOCK LCD, LONG BEACH CA",
"3100 BLOCK LCD, LONG BEACH CA",
"3200 BLOCK LCD, LONG BEACH CA",
"3100 N LCD, LONG BEACH CA",
3200 BLOCK LEES AVE,
"3500 BLOCK LEES AVE, LONG BEACH CA",
LEFT AT FRONT DOOR,
LEFT IN PLOT,
"1200 BLOCK E LEIGH CT, LONG BEACH CA",
LEISURE WORLD,
6500 BLOCK LEMON,
6700 BLOCK LEMON AVE,
5500 BLOCK LEMON AVE,
6200 BLOCK LEMON AVE,
6000 BLOCK LEMON AVE,
6300 BLOCK LEMON AVE,
6500 BLOCK LEMON AVE,
"1900 BLOCK LEMON AVE, LONG BEACH",
"2000 BLOCK LEMON AVE, LONG BEACH",
"2200 BLOCK LEMON AVE, LONG BEACH CA",
"1400 BLOCK LEMON AVE, LONG BEACH CA",
"6200 BLOCK LEMON AVE, LONG BEACH CA",
"5200 BLOCK LEMON AVE, LONG BEACH CA",
"2000 BLOCK LEMON AVE, LONG BEACH CA",
"1300 BLOCK LEMON AVE, LONG BEACH CA",
"6800 BLOCK LEMON AVE, LONG BEACH CA",
"1400 BLOCK LEMON AVE, LONG BEACH, CA",
"6800 BLOCK LEMON AVE, LONG BEACH, CA",
5609 LESLIE AVE,
1400 BLOCK LEWIS AVE,
1000 BLOCK LEWIS AVE,
2000 BLOCK LEWIS AVE,
1900 BLOCK LEWIS AVE,
1700 BLOCK LEWIS AVE,
"1000 BLOCK LEWIS AVE, LONG BEACH",
"1300 BLOCK LEWIS AVE, LONG BEACH CA",
"3700 BLOCK LEWIS AVE, LONG BEACH CA",
"6300 BLOCK LEWIS AVE, LONG BEACH CA",
"1000 BLOCK LEWIS AVE, LONG BEACH, CA",
"6000 BLOCK LEWIS AVE, LONG BEACH, CA",
"3300 BLOCK LEWIS AVE, SIGNAL HILL CA",
"3800 BLOCK LILLY AVE, LONG BEACH CA",
"3400 BLOCK LILLY AVE, LONG BEACH CA",
700 BLOCK LIME,
900 BLOCK LIME AVE,
530 BLOCK LIME AVE,
1000 BLOCK LIME AVE,
2200 BLOCK LIME AVE,
2000 BLOCK LIME AVE,
800 BLOCK LIME AVE,
1900 BLOCK LIME AVE,
1000 BLOCK LIME AVE LONG BEACH CA,
"2300 BLOCK LIME AVE, LONG BEACH CA",
"2000 BLOCK LIME AVE, LONG BEACH CA",
"700 BLOCK LIME AVE, LONG BEACH CA",
"1100 BLOCK LIME AVE, LONG BEACH CA",
"5900 BLOCK LIME AVE, LONG BEACH CA",
"200 BLOCK LIME AVE, LONG BEACH CA",
"6100 BLOCK LIME AVE, LONG BEACH CA",
"1500 BLOCK W LINCOLN ST, LONG BEACH CA",
5600 LINDEN,
3700 BLOCK LINDEN,
1050 LINDEN AVE,
5400 BLOCK LINDEN AVE,
3500 BLOCK LINDEN AVE,
2200 BLOCK LINDEN AVE,
400 BLOCK LINDEN AVE,
2400 BLOCK LINDEN AVE,
3900 BLOCK LINDEN AVE,
"6000 BLOCK LINDEN AVE, LONG BEACH CA",
"500 BLOCK LINDEN AVE, LONG BEACH CA",
"200 BLOCK LINDEN AVE, LONG BEACH CA",
"700 BLOCK LINDEN AVE, LONG BEACH CA",
"900 BLOCK LINDEN AVE, LONG BEACH CA",
"1200 BLOCK LINDEN AVE, LONG BEACH CA",
"2300 BLOCK LINDEN AVE, LONG BEACH CA",
"2400 BLOCK LINDEN AVE, LONG BEACH CA",
"2000 BLOCK LINDEN AVE, LONG BEACH CA",
"1000 BLOCK LINDEN AVE, LONG BEACH, CA",
"1600 BLOCK LINDEN AVE, LONG BEACH, CA ,90813",
"1400 BLOCK LINDEN AVE, LONG BECH CA",
"300 BLOCK LINDERO AVE, LONG BEACH, CA",
"100 BLOCK LINDERO AVE, LONG BEACH, CA",
"300 LK CHESTNUT AVE, LONG BEACH CA",
1600 LOCUST,
1900 BLOCK LOCUST AVE,
1800 BLOCK LOCUST AVE,
5300 BLOCK LOCUST AVE,
2100 BLOCK LOCUST AVE,
5200 BLOCK LOCUST AVE LONG BEACH CA,
"1500 BLOCK LOCUST AVE, LONG BEACAH",
"2200 BLOCK LOCUST AVE, LONG BEACH CA",
"900 BLOCK LOCUST AVE, LONG BEACH CA",
"1900 BLOCK LOCUST AVE, LONG BEACH CA",
"1805 LOCUST AVE, LONG BEACH CA",
"5200 BLOCK LOCUST AVE, LONG BEACH CA",
"2100 BLOCK LOCUST AVE, LONG BEACH CA",
"1800 BLOCK LOCUST AVE, LONG BEACH CA",
"1100 BLOCK LOCUST AVE, LONG BEACH CA",
"1900 BLOCK LOCUST AVE, LONG BEACH, CA",
"1600 BLOCK LOCUST AVE, LONG BEACH, CA",
"1700 BLOCK LOCUST AVE, LONG BEACH, CA 9081`3",
"4100 BLOCK LOCUST AVE, LONG BEACH90807",
1600 BLOCK LOCUST ST,
"400 BLOCK LOCUST, LONG BEACH, CA",
300 LOIUSE STREET,
1900 LOMA AVE,
"600 BLOCK LOMA AVE, LONG BEACH CA",
"1500 BLOCK LOMA AVE, LONG BEACH CA",
"900 BLOCK LOMA VISTA AVE, LONG BEACH 90",
900 BLOCK LOMA VISTA DR,
1200 BLOCK N LOMA VISTA DR,
"900 BLOCK LOMA VISTA DR, LONG BEACH CA",
5500 BLOCK LONG BEACH BLVD,
2200 BLOCK LONG BEACH BLVD,
4500 BLOCK LONG BEACH BLVD,
6200 BLOCK LONG BEACH BLVD,
5300 BLOCK LONG BEACH BLVD,
1800 LONG BEACH BLVD,
1830 LONG BEACH BLVD,
4600 BLOCK LONG BEACH BLVD,
1800 BLOCK LONG BEACH BLVD,
5000 BLOCK LONG BEACH BLVD,
6000 LONG BEACH BLVD,
400 BLOCK LONG BEACH BLVD,
600 BLOCK LONG BEACH BLVD,
6000 BLOCK LONG BEACH BLVD,
2900 BLOCK LONG BEACH BLVD,
2100 BLOCK LONG BEACH BLVD,
6900 BLOCK LONG BEACH BLVD,
5533 LONG BEACH BLVD,
4200 BLOCK LONG BEACH BLVD,
2600 BLOCK LONG BEACH BLVD,
LONG BEACH BLVD / 49TH ST,
LONG BEACH BLVD / WARDLOW,
"4600 BLOCK LONG BEACH BLVD, LONG BEACH",
"5500 BLOCK LONG BEACH BLVD, LONG BEACH",
"3000 BLOCK LONG BEACH BLVD, LONG BEACH",
"6900 BLOCK LONG BEACH BLVD, LONG BEACH",
"1900 LONG BEACH BLVD, LONG BEACH CA",
"5000 BLOCK LONG BEACH BLVD, LONG BEACH CA",
"2600 BLOCK LONG BEACH BLVD, LONG BEACH CA",
"4200 BLOCK LONG BEACH BLVD, LONG BEACH CA",
"4600 BLOCK LONG BEACH BLVD, LONG BEACH CA",
"1700 BLOCK LONG BEACH BLVD, LONG BEACH CA",
"6000 BLOCK LONG BEACH BLVD, LONG BEACH CA",
"1300 BLOCK LONG BEACH BLVD, LONG BEACH CA",
"2000 BLOCK LONG BEACH BLVD, LONG BEACH CA",
"2100 BLOCK LONG BEACH BLVD, LONG BEACH CA",
"5800 BLOCK LONG BEACH BLVD, LONG BEACH CA",
"1800 BLOCK LONG BEACH BLVD, LONG BEACH CA",
"1900 BLOCK LONG BEACH BLVD, LONG BEACH CA",
"1400 BLOCK LONG BEACH BLVD, LONG BEACH CA",
"5500 BLOCK LONG BEACH BLVD, LONG BEACH CA",
"5500 BLOCK LONG BEACH BLVD, LONG BEACH, CA",
"200 BLOCK LONG BEACH BLVD, LONG BEACH, CA",
"4800 BLOCK LONG BEACH BLVD,LONG BEACH CA",
LONG BEACH TOWNE CENTER,
"LONG BEACH TOWNE CENTER, LONG BEACH",
LOS ALAMITOS / CERRITOS LOS AL CA,
"10400 BLOCK LOS ALAMITOS AVE, LOS ALAMITOS CA",
"10900 BLOCK LOS ALAMITOS BLVD, LOS ALAMITOS CA",
"5800 BLOCK LOS ARCOS ST, LONG BEACH CA",
"200 BLOCK LOS CERRITOS CENTER, CERRITOS CA",
"3000 BLOCK LOS COYOTES DIAGANOL, LONG BEACH CA",
"5200 BLOCK LOS COYOTES DIAGIONAL, LONG BEACH, CA",
"3300 BLOCK N LOS COYOTES DIAGIONAL, LONG BEACH, CA",
2200 LOS COYOTES DIAGONAL,
4900 BLOCK LOS COYOTES DIAGONAL,
5100 BLOCK LOS COYOTES DIAGONAL,
"5200 BLOCK LOS FLORES ST, LONG BEACH CA",
"5900 BLOCK E LOS SANTOS DR, LONG BEACH CA",
200 BLOCK LOUISE,
0 BLOCK E LOUISE,
100 E LOUISE,
100 BLOCK W LOUISE ST,
"9000 BLOCK LOUISE ST, BELLFLOWER",
"200 BLOCK E LOUISE ST, LONG BEACH",
"200 BLOCK LOUISE ST, LONG BEACH CA",
"400 BLOCK E LOUISE ST, LONG BEACH CA",
100 E LOUSIE ST,
"6100 BLOCK LOYNES DR, LONG BEACH, CA",
1400 BLOCK LURAY ST,
1400 BLOCK E LURAY ST,
"1000 BLOCK E LURAY ST, LONG BEACH CA",
"1200 BLOCK W MADDOX ST, LONG BEACH CA",
"2600 BLOCK E MADISON ST, CARSON",
3200 BLOCK MAGNOLIA,
1400 MAGNOLIA,
3700 BLOCK MAGNOLIA,
2300 MAGNOLIA AVE,
2100 BLOCK MAGNOLIA AVE,
3000 BLOCK MAGNOLIA AVE,
1700 BLOCK MAGNOLIA AVE,
1200 BLOCK MAGNOLIA AVE,
1700 MAGNOLIA AVE,
2400 BLOCK MAGNOLIA AVE,
1700 BLOCK MAGNOLIA AVE LONG BEACH CA,
"3100 BLOCK MAGNOLIA AVE, LONG BEACH CA",
"500 BLOCK MAGNOLIA AVE, LONG BEACH CA",
"2800 BLOCK MAGNOLIA AVE, LONG BEACH CA",
"1200 BLOCK MAGNOLIA AVE, LONG BEACH CA",
"1700 BLOCK MAGNOLIA AVE, LONG BEACH CA",
"3000 BLOCK MAGNOLIA AVE, LONG BEACH CA",
"1000 BLOCK MAGNOLIA AVE, LONG BEACH, CA",
"100 BLOCK MAGNOLIA AVE, LONG BEACH, CA",
"1900 BLOCK MAGNOLIA AVE, LONG BEACH, CA",
"2800 BLOCK MAGNOLIA VAE, LONG BEACH CA",
2000 BLOCK MAGNOLIAVE AVE,
800 MAINE,
"3800 BLOCK MAINE AVE, LONG BEACH",
"3400 BLOCK MAINE AVE, LONG BEACH",
"2300 BLOCK MAINE AVE, LONG BEACH CA",
"3300 BLOCK MAINE AVE, LONG BEACH CA",
"400 BLOCK MAINE AVE, LONG BEACH CA",
"2500 BLOCK MAINE AVE, LONG BEACH CA",
"2600 BLOCK MAINE AVE, LONG BEACH CA",
"3300 BLOCK MAINE AVE, LONG BEACH, CA",
"900 BLOCK MAINE AVE, LONG BEACH, CA",
17100 BLOCK MAPES AVE,
"16600 BLOCK MAPES AVE, CERRITOS CA",
2700 BLOCK MARBER AVE,
"16900 BLOCK MARIA AVE, CERRITOS CA",
200 BLOCK N MARINA DR,
200 BLOCK MARINA DR,
"200 BLOCK N MARINA DR, LONG BEACH, CA",
3000 BLOCK E MARIQUITA ST,
"300 BLOCK E MARKER LN, LONG BEACH CA",
300 BLOCK E MARKET ST,
100 BLOCK E MARKET ST,
1000 BLOCK E MARKET ST,
2100 BLOCK E MARKET ST,
"1000 BLOCK E MARKET ST, LONG BEACH CA",
"00 BLOCK E MARKET ST, LONG BEACH CA",
2100 MARTIN LUTHER JR AVE,
"2300 BLOCK MARTIN LUTHER KING BLVD, LONG BEACH CA",
1800 BLOCK MARTIN LUTHER KING JR,
800 BLOCK MARTIN LUTHER KING JR,
1300 BLOCK MARTIN LUTHER KING JR,
1300 BLOCK MARTIN LUTHER KING JR AVE,
"800 BLOCK MARTIN LUTHER KING JR BLVD, LONG BEACH CA",
"3200 BLOCK MARWICK AVE, LONG BEACH CA",
2300 BLOCK MARWICK VE,
"5000 BLOCK MATNEY AVE, LONG BEACH CA",
4300 MAURY AVE,
"700 BLOCK E MEDIO ST, LONG BEACH CA",
700 MEDIO STREET,
"MENDY / GARFIELD, PARAMOUNT CA",
MICHEALSON / WALNUT,
12400 MILES,
"8900 BLOCK MINER ST, LOS ANGELES CA",
100 BLOCK MIRA MAR AVE,
"3800 BLOCK MISTRAL DR, HUNTINGTON BEACH CA",
2200 MLK,
1000 BLOCK MLK BLVD,
"1000 BLOCK MLK JR AVE, LONG BEACH CA",
"1100 BLOCK MLK JR AVE, LONG BEACH CA",
"1100 BLOCK MLK JR, LONG BEACH",
"2100 BLOCK MLK JR, LONG BEACH CA",
"2300 BLOCK MLK JR, LONG BEACH CA",
1300 MOLINO,
800 MOLINO,
1200 MOLINO,
"2200 BLOCK MONTAIR AVE, LONG BEACH, CA",
"2800 BLOCK MONTAIRE AVE, LONG BEACH CA",
"2300 BLOCK MONTE VERDE DR, SIGNAL HILL, CA",
"1400 BLOCK MONTEBELLO, MONTEBELLO CA",
"12200 BLOCK MONTECITO RD, SEAL BEACH CA",
MOTHERS BEACH-5800 BLOCK APPIAN WAY,
300 BLOCK MOUNTAIN VIEW,
200 BLOCK MOUNTAIN VIEW,
3400 BLOCK MYRTLE AVE,
2200 BLOCK MYRTLE AVE,
6200 BLOCK MYRTLE AVE,
5900 BLOCK MYRTLE AVE,
6600 BLOCK MYRTLE AVE,
2600 BLOCK MYRTLE AVE,
"1200 BLOCK MYRTLE AVE, LONG BEACH",
"6900 BLOCK MYRTLE AVE, LONG BEACH CA",
"2000 BLOCK MYRTLE AVE, LONG BEACH CA",
"5800 BLOCK MYRTLE AVE, LONG BEACH CA",
"5700 BLOCK MYRTLE AVE, LONG BEACH CA",
"6300 BLOCK MYRTLE AVE, LONG BEACH CA",
"6500 BLOCK MYRTLE AVE, LONG BEACH CA",
"1800 BLOCK MYRTLE AVE, LONG BEACH, CA",
NAACP FREEDOM PARK,
5959 NAPLES PLZ,
"5900 BLOCK E NAPLES PLZ, LONG BEACH CA",
300 BLOCK NEBRASKA,
"300 BLOCK E NEECE ST, LONG BEACH CA",
200 BLOCK E NEVADA ST,
"900 BLOCK E NEVADA ST, SIGNAL HILL CA",
"3100 BLOCK NEW DOCK, LONG BEACH CA",
1000 E NEW YORK ST,
"1000 BLOCK E NEW YORK ST, LONG BEACH CA",
"17800 BLOCK NEWBROOK AVE, CERRITOS CA",
"800 BLOCK NEWPORT AVE, LONG BEACH, CA",
NFD,
103 NIETO,
"3500 BLOCK NIMITZ RD, LONG BEACH CA",
"2600 BLOCK NIPOMO AVE, LONG BEACH",
"1000 BLOCK N NORMAN CT, LONG BEACH CA",
"19600 NORMANDIE, CE, CA90703",
"2760 NORTH STUDEBAKER ROAD, LONG BEACH",
"100 BLOCK E NORTON ST, LONG BEACH CA",
"16600 BLOCK NORWALK AVE, CERRITOS CA",
"3400 BLOCK NORWALK AVE, LONG BEACH CA",
"3500 BLOCK NORWALK BLVD, LONG BEACH CA",
"3300 BLOCK NORWALK BLVD, LONG BEACH CA",
"10800 BLOCK OAK ST, LOS ALAMITOS CA",
5800 BLOCK E OAKBROOK ST,
"6000 BLOCK OAKBROOK ST, LONG BEACH CA",
651 OBISPO,
400 BLOCK OBISPO,
OBISPO / REDONDO,
1300 BLOCK OBISPO AVE LONG BEACH CA,
"200 BLOCK OBISPO AVE, LONG BEACH CA",
"6400 BLOCK OBISPO AVE, LONG BEACH CA",
"6200 BLOCK OBISPO AVE, LONG BEACH CA",
"6500 BLOCK OBISPO AVE, LONG BEACH, CA",
"6100 BLOCK OBISPO AVE, LONG BEACH, CA",
"700 BLOCK OBISPO AVE, LONGH BEACH CA",
OBISPO SIGNAL HILL,
3100 BLOCK OCANA AVE,
"2200 BLOCK OCANA AVE, LONG BEACH CA",
2100 E OCEAN,
700 BLOCK W OCEAN,
3900 E OCEAN,
5000 E OCEAN,
7200 E OCEAN,
3500 BLOCK OCEAN,
2700 E OCEAN,
5200 E OCEAN,
5100 E OCEAN,
OCEAN / 2NDST,
OCEAN / CORONADO,
"OCEAN / JUNIPERO AVE, LONG BEACH CA",
OCEAN / REDONDO,
2100 BLOCK E OCEAN AVE,
800 BLOCK OCEAN AVE,
1800 BLOCK E OCEAN AVE,
888 OCEAN AVE,
800 OCEAN AVE,
"2100 E OCEAN AVE, LONG BEACH CA",
5000 E OCEAN BLVD,
2100 BLOCK E OCEAN BLVD,
7200 BLOCK E OCEAN BLVD,
2100 BLOCK OCEAN BLVD,
5400 BLOCK OCEAN BLVD,
5400 BLOCK E OCEAN BLVD,
600 BLOCK W OCEAN BLVD,
2800 BLOCK E OCEAN BLVD,
7200 BLOCK OCEAN BLVD,
2100 E OCEAN BLVD,
4300 BLOCK OCEAN BLVD,
3500 BLOCK E OCEAN BLVD,
"800 BLOCK E OCEAN BLVD, LONG BEACH CA",
"2400 BLOCK E OCEAN BLVD, LONG BEACH CA",
"4000 BLOCK E OCEAN BLVD, LONG BEACH CA",
"400 BLOCK E OCEAN BLVD, LONG BEACH CA",
"2000 BLOCK OCEAN BLVD, LONG BEACH CA",
"5500 E OCEAN BLVD, LONG BEACH CA",
"2900 BLOCK E OCEAN BLVD, LONG BEACH CA",
"2100 BLOCK OCEAN BLVD, LONG BEACH CA",
"5600 BLOCK E OCEAN BLVD, LONG BEACH CA",
"2100 BLOCK E OCEAN BLVD, LONG BEACH CA",
"1200 BLOCK E OCEAN BLVD, LONG BEACH CA",
"1100 BLOCK E OCEAN BLVD, LONG BEACH CA",
"2100 BLOCK E OCEAN BLVD, LONG BEACH, CA",
"4700 BLOCK E OCEAN BLVD, LONG BEACH, CA",
"5000 BLOCK E OCEAN BLVD, LONG BEACH, CA",
"5400 BLOCK OCEAN BLVD, LONG BEACH, CA 908",
"5400 BLOCK E OCEAN BLVD, LONG BEACH, CA Q",
"20000 E OCEAN, IN THE WATER",
2200 BLOCK OHIO,
2200 BLOCK OHIO AVE,
900 BLOCK OHIO AVE,
"1200 BLOCK OHIO AVE, LONG BEACH, CA",
2000 BLOCK OLIVE AVE,
3300 BLOCK OLIVE AVE,
1100 OLIVE AVE,
2100 BLOCK OLIVE AVE,
1800 OLIVE AVE,
900 BLOCK OLIVE AVE,
"2000 BLOCK OLIVE AVE, LONG BEACH CA",
"2500 BLOCK OLIVE AVE, LONG BEACH CA",
"400 BLOCK OLIVE AVE, LONG BEACH CA",
"1800 BLOCK OLIVE AVE, LONG BEACH CA",
"800 BLOCK OLIVE AVE, LONG BEACH, CA",
"2200 BLOCK OLIVE AVE, LONG BEACH, CA",
"2000 BLOCK OLIVE AVE, LONG BEACH90806",
4100 BLOCK OLYMPIC PLAZA,
4100 BLOCK E OLYMPIC PLZ,
5900 ORANGE,
5800 BLOCK ORANGE,
6300 BLOCK ORANGE,
ORANGE / DEL AMO,
"ORANGE / WILLOW, SIGNAL HILL CA",
7100 BLOCK ORANGE AVE,
3700 BLOCK ORANGE AVE,
5800 BLOCK ORANGE AVE,
2000 BLOCK ORANGE AVE,
5500 BLOCK ORANGE AVE,
"00 BLOCK ORANGE AVE, LONG BEACH CA",
"5800 BLOCK ORANGE AVE, LONG BEACH CA",
"1300 BLOCK ORANGE AVE, LONG BEACH CA",
"5500 BLOCK ORANGE AVE, LONG BEACH CA",
"5900 BLOCK ORANGE AVE, LONG BEACH CA",
"5300 BLOCK ORANGE AVE, LONG BEACH CA",
"6100 BLOCK ORANGE AVE, LONG BEACH CA",
"5200 BLOCK ORANGE AVE, LONG BEACH CA",
"6800 BLOCK ORANGE AVE, LONG BEACH CA",
"1800 BLOCK ORANGE AVE, LONG BEACH CA",
"6000 BLOCK ORANGE AVE, LONG BEACH CA",
"3400 BLOCK ORANGE AVE, LONG BEACH CA",
"4400 BLOCK ORANGE AVE, LONG BEACH CA",
"400 BLOCK ORANGE AVE, LONG BEACH CA",
"4500 BLOCK ORANGE AVE, LONG BEACH CA",
"2600 BLOCK ORANGE AVE, SIGNAL HILL CA",
"5600 BLOCK ORANGETHORPE AVE, LA PALMA CA",
200 ORCHID LANE,
1700 BLOCK OREGON AVE,
4900 BLOCK OREGON AVE,
"3300 BLOCK OREGON AVE, LONG BEACH CA",
"2100 BLOCK OREGON AVE, LONG BEACH CA",
"1800 BLOCK OREGON AVE, LONG BEACH CA",
6700 BLOCK ORIZABA,
ORIZABA / BROADWAY LONG BEACH CA,
1000 BLOCK ORIZABA AVE,
"800 BLOCK ORIZABA AVE, LONG BEACH",
"800 BLOCK ORIZABA AVE, LONG BEACH CA",
"1500 BLOCK ORIZABA AVE, LONG BEACH CA",
"700 BLOCK ORIZABA AVE, LONG BEACH, CA",
"1900 BLOCK ORIZABA AVE, SIGNAL HILL CA",
ORIZBA / EIGTH STREET,
"100 BLOCK E OSGOOD, LONG BEACH CA",
3700 BLOCK OSTROM AVE,
"16800 BLOCK OUTRIGGER CIR, CERRITOS",
"PACIFIC / BROADWAY, LONG BEACH, CA",
1800 BLOCK PACIFIC AVE,
2600 BLOCK PACIFIC AVE,
2700 BLOCK PACIFIC AVE,
4000 BLOCK PACIFIC AVE,
1500 BLOCK PACIFIC AVE,
"100 BLOCK PACIFIC AVE, LONG BEACH",
"1100 BLOCK PACIFIC AVE, LONG BEACH",
"2900 BLOCK PACIFIC AVE, LONG BEACH",
"1700 BLOCK PACIFIC AVE, LONG BEACH CA",
"2200 BLOCK PACIFIC AVE, LONG BEACH CA",
"1000 BLOCK PACIFIC AVE, LONG BEACH CA",
"400 BLOCK PACIFIC AVE, LONG BEACH CA",
"3000 BLOCK PACIFIC AVE, LONG BEACH CA",
"2600 BLOCK PACIFIC AVE, LONG BEACH CA",
"3600 BLOCK PACIFIC AVE, LONG BEACH CA",
"3400 BLOCK PACIFIC AVE, LONG BEACH CA",
"1100 BLOCK PACIFIC AVE, LONG BEACH CA",
"1800 BLOCK PACIFIC AVE, LONG BEACH CA",
"1300 BLOCK PACIFIC AVE, LONG BEACH CA",
"3800 BLOCK N PACIFIC AVE, LONG BEACH, CA",
"2100 BLOCK PACIFIC AVE, LONG BEACH, CA",
"1800 BLOCK PACIFIC AVE, LONG BEAXCH CA",
4720 PACIFIC COAST,
100 BLOCK E PACIFIC COAST,
4700 BLOCK E PACIFIC COAST HWY,
4720 E PACIFIC COAST HWY,
4720 PACIFIC COAST HWY,
1600 BLOCK PACIFIC COAST HWY,
3200 BLOCK PACIFIC COAST HWY,
3900 BLOCK E PACIFIC COAST HWY,
5000 BLOCK E PACIFIC COAST HWY,
1300 W PACIFIC COAST HWY,
300 BLOCK E PACIFIC COAST HWY,
4720 E PACIFIC COAST HWY LONG BEACH CA,
"1200 BLOCK W PACIFIC COAST HWY, LONG BEACH",
"4700 BLOCK E PACIFIC COAST HWY, LONG BEACH CA",
"3000 BLOCK E PACIFIC COAST HWY, LONG BEACH CA",
"600 BLOCK W PACIFIC COAST HWY, LONG BEACH CA",
"700 BLOCK E PACIFIC COAST HWY, LONG BEACH CA",
"800 BLOCK W PACIFIC COAST HWY, LONG BEACH CA",
"2100 BLOCK W PACIFIC COAST HWY, LONG BEACH CA",
"800 BLOCK PACIFIC COAST HWY, LONG BEACH CA",
"4720 PACIFIC COAST HWY, LONG BEACH CA",
"500 BLOCK E PACIFIC COAST HWY, LONG BEACH CA",
"4720 E PACIFIC COAST HWY, LONG BEACH CA",
"5600 BLOCK PACIFIC COAST HWY, LONG BEACH CA",
"1100 BLOCK PACIFIC COAST HWY, LONG BEACH CA,",
"6400 BLOCK E PACIFIC COAST HWY, LONG BEACH, CA",
"6700 BLOCK E PACIFIC COAST HWY, LONG BEACH, CA",
"500 BLOCK W PACIFIC COAST HWY, LONG BEACH, CA",
"3900 BLOCK E PACIFIC COAST HWY, LONG BEACH, CA",
"1190 E PACIFIC COAST, LONG BEACH, CA",
"6500 BLOCK PAGEANTRY ST, LONG BEACH CA",
"6100 BLOCK PAGEANTRY ST, LONG BEACH CA",
6100 BLOCK PAGENTRY ST,
"2400 BLOCK PALM DR, SIGNAL HILL, CA",
13000 PALM PL,
"1800 PALMER CT, LONG BEACH CA",
1900 PALO VERDE,
3400 BLOCK PALO VERDE,
PALO VERDE / CARSON,
PALO VERDE / SOUTH ST,
"1700 BLOCK PALO VERDE AVE, LONG BEACH CA",
"3400 BLOCK PALO VERDE AVE, LONG BEACH CA",
"1700 BLOCK E PALO VERDE AVE, LONG BEACH CA",
"800 BLOCK PALO VERDE AVE, LONG BEACH CA",
2600 PANORAMA,
5200 BLOCK PAOLI WAY,
1300 W PARADE,
1300 BLOCK PARADE ST,
"1300 BLOCK W PARADE ST, LONG BEACH CA",
"300 BLOCK PARALTA AVE, LONG BEACH CA",
"5600 BLOCK PARAMOUNT AVE, LONG BEACH",
5400 BLOCK PARAMOUNT BLVD,
6900 BLOCK PARAMOUNT BLVD,
"6200 BLOCK PARAMOUNT BLVD, LONG BEACH",
"5400 BLOCK PARAMOUNT BLVD, LONG BEACH",
"5400 BLOCK PARAMOUNT BLVD, LONG BEACH CA",
"6800 BLOCK PARAMOUNT BLVD, LONG BEACH CA",
"5500 BLOCK PARAMOUNT BLVD, LONG BEACH CA",
6900 E PARAPET,
"6200 BLOCK PARIMA ST, LONG BEACH CA",
1000 PARK,
"1700 BLOCK PARK AVE, LONG BEACH CA",
"700 BLOCK PARK AVE, LONG BEACH, CA",
"3100 BLOCK PARK LANE , LONG BEACH CA",
18000 PARK PLAZA,
"12900 PARK PLAZA DR, CERRITOS CA",
5800 BLOCK PARKCREST,
5800 BLOCK PARKCREST ST,
"5300 BLOCK E PARKCREST ST, LONG BEACH CA",
1900 BLOCK PASADENA,
1800 BLOCK PASADENA AVE,
1900 BLOCK PASADENA AVE,
2500 BLOCK PASADENA AVE,
5800 PAVO,
5000 E PCH,
300 E PCH,
2500 E PCH,
4700 BLOCK PCH,
4700 E PCH,
4720 E PCH,
4200 BLOCK E PCH,
2000 E PCH,
3400 E PCH,
7500 E PCH,
6500 E PCH,
3000 E PCH SH CA,
"1300 BLOCK E PCH, LONG BEACH CA",
"5500 BLOCK E PCH, LONG BEACH CA",
"1800 BLOCK PCH, LONG BEACH CA",
"6400 BLOCK E PCH, LONG BEACH, CA",
5000 E PCHP,
PEIR A WEST S HARBOR SCENIC DR,
PEIR G PORT OF LONG BEACH,
"1800 BLOCK PELORUS, SB",
"2200 BLOCK PEPPERWOOD AVE, LONG BEACH CA",
2700 BLOCK PETALUMA AVE,
"3800 BLOCK PETALUMA AVE, LONG BEACH CA",
1400 BLOCK PETERSON AVE,
"1400 BLOCK PETERSON AVE, LONG BEACH CA",
"1400 BLOCK E PHILLIPS ST, LONG BEACH CA",
"PHONEIX,AZ",
500 BLOCK PICO,
200 BLOCK PICO AVE,
"1500 BLOCK PIER C AVE, LONG BEACH, CA",
"600 BLOCK PIER D, LONG BEACH CA",
"600 BLOCK PIER D, LONG BEACH, CA",
1500 BLOCK PIER F,
"1400 BLOCK PIER G AVE, LONG BEACH, CA",
"1200 BLOCK PIER G AVE, LONG BEACH, CA",
1200 BLOCK PIER G WAY LONG BEACH CA,
"1200 BLOCK PIER G, LONG BEACH, CA",
"500 BLOCK PIER T AVE, LONG BEACH, CA",
1900 BLOCK PINE,
800 BLOCK PINE,
2100 PINE,
"PINE / BROADWAY, LONG BEACH CA",
1800 BLOCK PINE AVE,
1200 BLOCK PINE AVE,
900 BLOCK PINE AVE,
1100 BLOCK PINE AVE,
1400 BLOCK PINE AVE,
2300 BLOCK PINE AVE,
130 PINE AVE,
1200 PINE AVE,
1600 BLOCK PINE AVE,
4000 BLOCK PINE AVE,
2240 PINE AVE LONG BEACH CA,
"2000 BLOCK PINE AVE, LONG BEACH CA",
"1000 BLOCK PINE AVE, LONG BEACH CA",
"3800 BLOCK PINE AVE, LONG BEACH CA",
"100 BLOCK S PINE AVE, LONG BEACH CA",
"700 BLOCK PINE AVE, LONG BEACH CA",
"1800 BLOCK PINE AVE, LONG BEACH CA",
"600 BLOCK PINE AVE, LONG BEACH CA",
"700 BLOCK PINE AVE, LONG BEACH, CA",
"1400 BLOCK PINE AVE, LONG BEACH, CA",
"1600 BLOCK PINE AVE, LONG BEACH, CA",
"5400 BLOCK PINE AVE, LONG BEACH, CA",
19000 PIOINEER,
19030 PIONEER,
"20300 PIONEER BLVD, CERRITOS CA",
"19500 BLOCK PIONEER BLVD, CERRITOS CA",
16400 PIUMA,
"16200 BLOCK PIUMA AVE, CERRITO CA",
"16200 BLOCK PIUMA AVE, CERRITOS CA",
"16400 BLOCK PIUMA AVE, CERRITOS CA",
200 BLOCK E PLATT,
"00 BLOCK W PLEASANT ST, LONG BEACH CA",
"500 BLOCK E PLEASANT ST, LONG BEACH CA",
"500 BLOCK E PLEASANT ST, LONG BEACH, CA",
1700 BLOCK E PLYMOUTH,
"100 BLOCK W PLYMOUTH ST, LONG BEACH",
"00 BLOCK PLYMOUTH ST, LONG BEACH CA",
"1700 BLOCK E PLYMOUTH ST, LONG BEACH CA",
"400 BLOCK E PLYMOUTH ST, LONG BEACH, CA",
"200 BLOCK PNE AVE, LONG BEACH CA",
1400 BLOCK E POINSETTA ST,
"1400 BLOCK E POINSETTIA ST, LONG BEACH CA",
"1200 BLOCK E POINSETTIA ST, LONG BEACH CA",
13000 POINT REYES,
300 BLOCK E POPPY ST,
1800 BLOCK E POPPY ST,
1500 BLOCK POPPY ST,
"1900 BLOCK E POPPY ST, LONG BEACH",
"400 BLOCK E POPPY ST, LONG BEACH CA",
4800 PREMIERE,
7200 PREMIUM,
"1000 BLOCK PV, LONG BEACH CA",
QUEEN MARY,
1000 QUEENS HWY,
100 BLOCK N QUEENSWAY,
"700 QUEENSWAY DR, LONG BEACH CA",
1000 R0SWELL,
3821 RADNOR AVE,
"2900 BLOCK RADNOR AVE, LONG BEACH CA",
8500 BLOCK RAMONA ST,
4000 RANSOM,
"4000 BLOCK E RANSOM ST, LONG BEACH, CA",
"100 BLOCK RAVENA, LONG BEACH CA",
1900 RAYMOND,
2600 BLOCK RAYMOND AVE,
"1900 BLOCK RAYMOND AVE, SIGNAL HILL",
"1900 BLOCK RAYMOND AVE, SIGNAL HILL CA",
12100 BLOCK REAGAN,
300 REDONDO,
1400 REDONDO,
1800 BLOCK REDONDO AVE,
1400 BLOCK REDONDO AVE,
2900 BLOCK REDONDO AVE,
300 BLOCK REDONDO AVE LONG BEACH,
"400 BLOCK REDONDO AVE, LONG BEACH CA",
"300 BLOCK REDONDO AVE, LONG BEACH CA",
"1800 BLOCK REDONDO AVE, LONG BEACH CA",
6962 E RENDINA ST,
13700 REVA CIR,
"REYES / SUSANNA, COMPTON, CA",
400 BLOCK E RHEA ST,
"18600 BLOCK RHINE PL, CERRITOS, CA",
2000 BLOCK RIVER,
RIVERBED NEAR 605 FREEWAY / SOUTH ST,
6900 BLOCK E ROBLE ST,
6600 BLOCK ROSE AVE,
1400 BLOCK ROSE AVE,
"1500 BLOCK ROSE AVE, LONG BEACH CA",
"1800 BLOCK ROSE AVE, LONG BEACH CA",
"1400 BLOCK ROSE AVE, LONG BEACH CA",
400 BLOCK ROSE PL,
"5700 BLOCK E ROSEBAY ST, LONG BEACH CA",
"7600 BLOCK ROSECRANS AVE, PARAMOUNT CA",
ROSIES DOG BEACH NEAR WATER,
"1000 BLOCK ROSWELL AVE, LONG BEACH CA",
"400 BLOCK ROSWELL AVE, LONG BEACH, CA",
800 ROXANNE,
3100 BLOCK ROXANNE AVE,
3200 BLOCK ROXANNE AVE,
3000 BLOCK ROXANNE AVE,
1900 BLOCK ROXANNE AVE,
"3100 BLOCK ROXANNE AVE, LONG BEACH CA",
"3500 BLOCK ROXANNE, LONG BEACH CA",
300 BLOCK ROYCROFT AVE,
4300 BLOCK RUTGERS,
"3600 BLOCK RUTGERS AVE, LONG BEACH",
S HARBOR SCENIC DR,
19600 BLOCK SABRINA CT,
1000 BLOCK SAINT LOUIS AVE,
"6400 BLOCK SAINT LOUIS AVE, LONG BEACH CA",
"2000 BLOCK SAINT LOUIS AVE, SIGNAL HILL",
"700 BLOCK SAINT LOUIS ST, LONG BEACH CA",
19700 BLOCK SALLY AVE,
"1000 BLOCK E SALT LAKE ST, LONG BEACH",
"1100 BLOCK E SALT LAKE, LONG BEACH CA",
2100 SAN ANSELINE,
3000 SAN ANSELINE,
"400 BLOCK E SAN ANTONIO AVE, LONG BEACH CA",
100 BLOCK W SAN ANTONIO DR,
"500 BLOCK W SAN ANTONIO DR, LONG BEACH CA",
"1100 BLOCK E SAN ANTONIO DR, LONG BEACH, CA",
2400 BLOCK SAN FRANCISCO,
3000 BLOCK SAN FRANCISCO AVE,
"2700 BLOCK SAN FRANCISCO AVE, LONG BEACH CA",
"1400 SAN FRANCISCO AVE, LONG BEACH CA",
"1800 BLOCK SAN FRANCISCO AVE, LONG BEACH CA",
"2900 BLOCK SAN FRANCISCO AVE, LONG BEACH CA",
18800 SAN GABRIEL,
"17800 BLOCK SAN GABRIEL AVE, CERRITOS CA",
"2000 SAN GABRIEL AVE, LONG BEACH CA",
"2000 BLOCK SAN GABRIEL AVE, LONG BEACH, CA",
"700 BLOCK SAN PABLO CT, LONG BEACH CA",
"12200 BLOCK SANDY ROCK ST, CERRITOS CA",
"10400 BLOCK SANTA CLARA ST, CYPRESS CA",
3300 BLOCK SANTA FE,
2800 BLOCK SANTA FE,
3100 BLOCK SANTA FE AVE,
3500 BLOCK SANTA FE AVE,
1880 SANTA FE AVE,
2600 BLOCK SANTA FE AVE,
SANTA FE AVE / ANAHEIM ST,
2900 SANTA FE AVE LONG BEACH CA,
"2001 SANTA FE AVE, LONG BEACH",
"4000 BLOCK SANTA FE AVE, LONG BEACH CA",
"3500 BLOCK SANTA FE AVE, LONG BEACH CA",
"1300 BLOCK SANTA FE AVE, LONG BEACH CA",
"3400 BLOCK SANTA FE AVE, LONG BEACH CA",
"1800 BLOCK SANTA FE AVE, LONG BEACH CA",
"3300 BLOCK SANTA FE AVE, LONG BEACH CA",
"3200 BLOCK SANTA FE AVE, LONG BEACH, CA",
"3600 BLOCK SANTA FE, LONG BEACH,CA",
1000 SANTIAGO,
400 BLOCK SANTIAGO AVE,
"700 BLOCK SANTIAGO AVE, LONG BEACH CA",
"3100 BLOCK E SAWYER ST, LONG BEACH CA",
710 SB AT WILLOW,
"100 BLOCK E SCOTT ST, LONG BEACH CA",
"5700 BLOCK E SCRIVENER ST, LONG BEACH",
"2300 BLOCK SEABRIGHT AVE, LONG BEACH CA",
"2500 BLOCK SEABRIGHT AVE, LONG BEACH CA",
800 SEAL BEACH BLVD,
900 SEAL BEACH BLVD,
"12400 BLOCK SEAL BEACH BLVD, SEAL BEACH CA",
"SEAL BEACH BLVD, WESTMINSTER BLVD",
SEAL BEACH LIFEGUARDS,
6900 BLOCK SEASIDE WALK,
"6900 BLOCK E SEASIDE WALK, LONG BEACH, CA",
3800 BLOCK SEBREN,
3000 BLOCK SECOND ST,
12500 SEMORA,
"3200 BLOCK SENASAC AVE, LONG BEACH CA",
"300 BLOCK E SGORELINE DR, LONG BEACH CA",
SHELTER CAT,
1700 BLOCK SHERMAN PL,
"1700 BLOCK SHERMAN PL, LONG BEACH",
"1600 BLOCK SHERMAN PL, LONG BEACH CA",
"1700 BLOCK SHERMAN PL, LONG BEACH CA",
3500 BLOCK SHIPWAY AVE,
"1800 BLOCK SHIPWAY AVE, LONG BEACH CA",
"400 BLOCK E SHORELINE AVE, LONG BEACH",
200 BLOCK E SHORELINE DR,
400 BLOCK SHORELINE DR,
400 BLOCK E SHORELINE DR,
"400 BLOCK E SHORELINE DR, LONG BEACH CA",
"450 E SHORELINE DR, LONG BEACH CA",
"400 BLOCK E SHORELINE DR, LONG BEACH, CA",
"400 BLOCK E SHORELINE DRIVE, LONG BEACH, CA",
SHORELINE VILLAGE 300 E SHORELINE,
400 BLOCK E SHORELINE VILLAGE DR,
400 BLOCK SHORELINE VILLAGE DR,
"700 BLOCK E SHORELINE, LONG BEACH CA",
2750 SIGNAL PKWY,
"900 BLOCK SILVA ST, LONG BEACH CA",
"700 BLOCK E SILVA ST, LONG BEACH CA",
"1400 BLOCK E SILVA ST, LONG BEACH CA",
SKYLINE / HILL,
"2500 BLOCK SKYLINE AVE, SIGNAL HILL CA",
"3000 BLOCK SNOWDEN AVE, LONG BEACH CA",
"2100 SNOWDEN AVE, LONG BEACH CA",
"2800 BLOCK SNOWDEN AVE, LONG BEACH CA",
800 E SOUTH,
10700 SOUTH,
SOUTH / STUDEBAKER,
300 BLOCK E SOUTH ST,
1300 BLOCK E SOUTH ST,
10700 BLOCK SOUTH ST,
10700 SOUTH ST,
11400 BLOCK SOUTH ST,
1100 BLOCK E SOUTH ST,
12900 SOUTH ST,
2800 BLOCK SOUTH ST,
11300 BLOCK SOUTH ST,
11500 SOUTH ST,
"10700 BLOCK SOUTH ST, CERRITOS CA",
"300 BLOCK E SOUTH ST, LONG BEACH CA",
"1000 BLOCK SOUTH ST, LONG BEACH CA",
"3516 E SOUTH ST, LONG BEACH, CA",
"2000 BLOCK SPARROW HILL LN, LAKEWOOD",
3000 E SPAULDING,
2700 BLOCK E SPAULDING ST,
"2500 BLOCK E SPAULDING ST, LONG BEACH CA",
"2100 BLOCK E SPAULDING ST, LONG BEACH CA",
"2900 BLOCK E SPAULDING ST, LONG BEACH, CA",
"5900 BLOCK SPINNAKER BAY DR, LONG BEACH, CA",
7500 E SPRING,
7700 E SPRING,
7200 E SPRING,
5800 E SPRING,
7550 E SPRING,
SPRING / 605 FWY,
"SPRING / STUDEBAKER RD, LONG BEACH",
7700 BLOCK E SPRING ST,
100 BLOCK E SPRING ST,
7500 BLOCK SPRING ST,
6500 BLOCK E SPRING ST,
7700 E SPRING ST,
7700 SPRING ST,
7600 E SPRING ST,
7700 BLOCK SPRING ST,
5000 BLOCK SPRING ST,
7500 SPRING ST,
7550 E SPRING ST,
7500 BLOCK E SPRING ST,
6800 E SPRING ST,
SPRING ST / LOS ALAMITOS BLVD,
SPRING ST / PALO VERDE,
7700 E SPRING ST LONG BEACH,
"6500 BLOCK E SPRING ST, LONG BEACH",
"7500 BLOCK SPRING ST, LONG BEACH",
"7700 BLOCK E SPRING ST, LONG BEACH",
"7700 E SPRING ST, LONG BEACH CA",
"7500 BLOCK E SPRING ST, LONG BEACH CA",
"7700 BLOCK E SPRING ST, LONG BEACH CA",
"100 BLOCK E SPRING ST, LONG BEACH CA",
"7600 BLOCK E SPRING ST, LONG BEACH CA",
"7500 BLOCK SPRING ST, LONG BEACH CA",
"1300 BLOCK E SPRING ST, LONG BEACH CA",
"1200 BLOCK E SPRING ST, LONG BEACH CA",
"7700 BLOCK SPRING ST, LONG BEACH CA",
"7500 BLOCK E SPRING ST, LONG BEACH, CA",
"7550 E SPRING ST, LONG BEACH, CA 908O5",
"700 BLOCK E SPRING ST, SIGNAL HILL CA",
7700 E SPRING STREET,
7000 BLOCK E SPRING STREET,
1700 BLOCK N SPRING STREET CERRITOS,
7000 BLOCK SPRING STREET LONG BEACH CA,
3200 BLOCK N SPRINGDALE DR,
"3100 BLOCK SPRINGDALE DR, LONG BEACH CA",
2600 STANBRIDGE AVE,
"2100 BLOCK STANBRIDGE AVE, LONG BEACH, CA",
"5400 BLOCK STANBRIDGE AVE, LONG BEACH, CA",
1300 BLOCK STANLEY AVE,
1100 BLOCK STANLEY AVE,
2200 BLOCK STANLEY AVE,
"600 BLOCK STANLEY AVE, LONG BEACH CA",
"1100 BLOCK STANLEY AVE, LONG BEACH CA",
"1300 BLOCK STANLEY AVE, LONG BEACH CA",
"1700 BLOCK STANLEY AVE, LONG BEACH CA",
"800 BLOCK STANLEY AVE, LONG BEACH, CA 908",
"2200 BLOCK STANLEY AVE, SIGNAL HILL, CA",
"1500 BLOCK STANTON AVE, LONG BEACH CA",
"1500 BLOCK STANTON PL, LONG BEACH CA",
"6300 E STATE UNIVERSITY DR, LONG BEACH, CA",
2300 BLOCK STEARNLEE AVE,
6400 E STEARNS,
3400 BLOCK E STEARNS,
"6300 BLOCK E STEARNS ST, LONG BEACH CA",
"6900 BLOCK STEARNS ST, LONG BEACH CA",
"6300 BLOCK E STEARNS ST, LONG BEACH, CA",
1300 STEVELY,
3300 STEVELY,
3400 BLOCK STEVELY AVE,
"3000 BLOCK STEVELY AVE, LONG BEACH CA",
"3300 BLOCK STEVELY AVE, LONG BEACH CA",
"3500 BLOCK STEVELY AVE, LONG BEACH, CA",
"1900 BLOCK STEVELY AVE, LONG BEACH,CA",
"12600 BLOCK STILLMAN ST, LAKEWOOD CA",
"3000 BLOCK STUDEBACKER RD, LONG BEACH CA",
2700 N STUDEBAKER,
3800 BLOCK N STUDEBAKER,
2800 N STUDEBAKER,
2800 BLOCK STUDEBAKER,
2400 STUDEBAKER,
2800 STUDEBAKER,
3100 BLOCK STUDEBAKER,
2600 N STUDEBAKER,
STUDEBAKER,
1100 BLOCK N STUDEBAKER,
2600 STUDEBAKER,
2700 N STUDEBAKER RD,
18900 BLOCK STUDEBAKER RD,
19000 BLOCK STUDEBAKER RD,
1700 BLOCK N STUDEBAKER RD,
2600 BLOCK STUDEBAKER RD,
19200 BLOCK STUDEBAKER RD,
STUDEBAKER RD / LOYNES,
"17300 BLOCK STUDEBAKER RD, CERRITOS CA",
"2800 BLOCK STUDEBAKER RD, LONG BEACH",
"3400 BLOCK STUDEBAKER RD, LONG BEACH",
"2600 BLOCK STUDEBAKER RD, LONG BEACH CA",
"3000 BLOCK STUDEBAKER RD, LONG BEACH CA",
"2200 BLOCK STUDEBAKER RD, LONG BEACH CA",
"3200 BLOCK STUDEBAKER RD, LONG BEACH CA",
"2900 BLOCK N STUDEBAKER RD, LONG BEACH, CA",
"2800 BLOCK N STUDEBAKER RD, LONG BEACH, CA",
"2400 BLOCK STUDEBAKER RD, LONG BEACH, CA",
"1400 BLOCK STUDEBAKER RD,LONG BEACH",
2600 BLOCK N STUDEBAKER ROAD,
12400 BLOCK SUMMERWIND ST,
"1500 W SUMMIT ST, LONG BEACH CA",
"1400 BLOCK W SUMMIT ST, LONG BEACH CA",
"1500 BLOCK W SUMMIT ST, LONG BEACH, CA",
4800 BLOCK SUNFIELD AVE,
"SUNSET / CEDAR LONG BEACH,CA",
27 SURFSIDE AVE,
100 BLOCK SURFSIDE DR,
20000 BLOCK S SUSANA RD,
"13000 BLOCK SUTTON ST, CERRITOS CA",
"13200 BLOCK SUTTON ST, CERRITOS CA",
17900 BLOCK SYBRANDY AVE,
"5400 BLOCK TANGLEWOOD ST, LONG BEACH CA",
8000 BLOCK TARMA ST,
1100 TEMPLE,
1100 BLOCK TEMPLE AVE,
1200 BLOCK TEMPLE AVE,
"1400 BLOCK TEMPLE AVE, LONG BEACH CA",
"1800 BLOCK TEMPLE, SH CA",
1400 BLOCK TERMINO AVE,
"1400 BLOCK TERMINO AVE, LONG BEACH",
"1800 BLOCK TERMINO AVE, LONG BEACH CA",
"1000 BLOCK TERMINO AVE, LONG BEACH CA",
"17400 BLOCK TERRY LYN LN, CERRITOS CA",
8200 TEVA,
"2300 TEVIS AVE, LONG BEACH, CA 90815, CA",
100 BLOCK THE PROMENADE,
"2900 BLOCK E THOMPSON ST, LONG BEACH CA",
"20000 BLOCK THORNLAKE AVE, CERRITOS CA",
"8100 BLOCK E TIMOR ST, LONG BEACH CA",
200 TIVOLI,
"3900 BLOCK TOLAND CIR, LOS ALAMITOS CA",
12601 TOWN CENTER DR,
5000 TOYON BAY,
100 W TRAFFORD,
"11 TRAFFORD ST, LONG BEACH CA",
TRANSFER FROM ANOTHER SHELTER,
TRANSFER FROM SPCALA,
300 TREMONT,
"1700 BLOCK TRIBUNE CT, LONG BEACH CA",
"8200 BLOCK TULA AVE, LONG BEACH CA",
2200 TULANE,
4300 TULANE,
"2700 BLOCK TULANE AVE, LONG BEACH",
"8100 BLOCK E TURBO ST, LONG BEACH CA",
UNK,
5700 E VERNON,
5700 BLOCK VERNON ST,
"200 BLOCK E VERNON ST, LONG BEACH",
"600 BLOCK VIA BAROLA , LONG BEACH CA",
900 BLOCK VIA CARMELITOS,
"4000 BLOCK E VIA ORO, LONG BEACH CA",
1100 BLOCK E VIA WANDA,
1000 BLOCK VIA WANDA,
1000 BLOCK E VIA WANDA,
17300 VICKIE,
100 BLOCK W VICTORIA ST,
"1600 BLOCK VICTORY RD, TUSTIN CA",
"00 BLOCK VIRGIL WALK,,LONG BEACH CA",
"4000 BLOCK VIRGINA AVE, LONG BEACH",
"1100 BLOCK VIRGINA CT, LONG BEACH CA",
4600 BLOCK N VIRGINA RD,
"11100 BLOCK VIRGINIA AVE, LYNWOOD CA",
4600 BLOCK VIRGINIA RD,
4100 BLOCK VIRGINIA RD,
"3300 BLOCK E VISTA ST, LONG BEACH CA",
"6300 BLOCK VISTA, LONG BEACH CA",
3400 VOLK,
"1900 BLOCK VUELTA GRANDE AVE, LONG BEACH CA",
"2300 BLOCK VUELTA GRANDE AVE, LONG BEACH CA",
W TRAFFORD ST,
2200 BLOCK WALNUT,
5800 WALNUT,
1400 BLOCK WALNUT AVE,
2200 WALNUT AVE,
6500 BLOCK WALNUT AVE,
600 BLOCK WALNUT AVE,
2200 BLOCK WALNUT AVE,
"1300 BLOCK WALNUT AVE, LONG BEACH",
"400 BLOCK WALNUT AVE, LONG BEACH CA",
"1400 WALNUT AVE, LONG BEACH CA",
"5600 BLOCK WALNUT AVE, LONG BEACH CA",
"1700 BLOCK WALNUT AVE, LONG BEACH CA",
"1400 BLOCK WALNUT AVE, LONG BEACH, CA",
"1900 BLOCK WALNUT AVE, LONG BEACH, CA",
"2200 BLOCK WALNUT AVE, SIGNAL HILL CA",
"2700 BLOCK WALNUT AVE, SIGNAL HILL, CA",
"1600 BLOCK E WALNUT AVE, SIGNAL HILL, CA 90",
"10600 BLOCK WALNUT ST, LOS ALAMITOS CA",
"1000 BLOCK WALNUT, LONG BEACH, CA",
"6100 BLOCK E WALTON ST, LONG BEACH CA",
2200 W WARDLOW,
6600 BLOCK E WARDLOW RD,
7575 WARDLOW RD,
"3500 BLOCK WARDLOW RD, LONG BEACH",
"7800 BLOCK E WARDLOW RD, LONG BEACH CA",
"7700 BLOCK E WARDLOW RD, LONG BEACH CA",
"2000 BLOCK WARDLOW RD, LONG BEACH CA",
"8100 BLOCK E WARDLOW RD, LONG BEACH CA",
"1100 BLOCK WARDLOW RD, LONG BEACH CA",
"2100 BLOCK W WARDLOW RD, LONG BEACH, CA",
"6400 BLOCK E WARDLOW RD, LONG BEACH, CA",
"7500 BLOCK E WARDLOW RD, LONG BEACH, CA",
"6600 BLOCK E WARDLOW RD, LONG BEACH, CA",
7000 BLOCK WARDLOW ROAD LONG BEACH CA 908,
"1400 BLOCK WARREN AVE, LONG BEACH, CA",
"700 BLOCK N WASHINGTON PL, LONG BEACH, CA",
1700 BLOCK WASHINGTON ST,
"2700 BLOCK WEBSTER AVE, LONG BEACH CA",
"2300 BLOCK WEBSTER AVE, LONG BEACH CA",
"2900 BLOCK WEBSTER AVE, LONG BEACH CA",
"15000 BLOCK WEDGEWORTH DR, HACIENDA HEIGHTS CA",
140 WELCOME LN,
"1200 BLOCK WESLEY DR, LONG BEACH CA",
"1200 BLOCK E WESLEY DR, LONG BEACH CA",
"1500 BLOCK WEST SUMMIT ST, LONG BEACH, CA",
3800 WESTON PL,
3800 BLOCK WESTON PL,
"6200 BLOCK WHITE AVE, LONG BEACH, CA",
"14200 BLOCK WHITEROCK DR, LA MIRADA CA",
4300 WHITEWOOD,
"2100 BLOCK W WILLARD ST, LONG BEACH CA",
2500 E WILLOW,
7800 E WILLOW,
1800 E WILLOW,
4100 E WILLOW,
"700 BLOCK W WILLOW AVE, LONG BEACH CA",
"1600 BLOCK E WILLOW AVE, SIGNAL HILL, CA",
4200 E WILLOW ST,
3100 BLOCK E WILLOW ST,
1600 BLOCK E WILLOW ST,
4100 BLOCK E WILLOW ST,
1300 BLOCK W WILLOW ST,
"2000 BLOCK E WILLOW ST, LONG BEACH",
"4100 BLOCK E WILLOW ST, LONG BEACH CA",
"1200 W WILLOW ST, LONG BEACH CA",
"6400 BLOCK WILLOW ST, LONG BEACH CA",
"5100 BLOCK WILLOW ST, LONG BEACH CA",
"101 E WILLOW ST, LONG BEACH, CA",
"1600 BLOCK E WILLOW ST, SIGNAL HILL CA",
"2200 BLOCK E WILLOW ST, SIGNAL HILL CA",
"3300 BLOCK E WILLOW, LONG BEACH",
"1100 BLOCK E WILLOW, SIGNAL HILL CA",
1800 BLOCK W WILMA PL,
"3400 BLOCK E WILTON ST, LONG BEACH CA",
300 WINNIPEG PL,
"300 BLOCK WINSLOW AVE, LONG BEACH CA",
400 BLOCK WISCONSIN,
WOODRUFF,
3100 WOODRUFF,
3100 BLOCK WOODRUFF AVE,
1600 BLOCK WOODRUFF AVE,
"3000 BLOCK WOODRUFF AVE, LONG BEACH CA",
"3200 BLOCK WOODRUFF AVE, LONG BEACH, CA",
"8100 BLOCK WOODSON ST, LONG BEACH",
"1800 BLOCK XIMENO AVE, LONG BEACH CA",
"2200 BLOCK XIMENO AVE, LONG BEACH CA",
"400 BLOCK XIMENO AVE, LONG BEACH CA",
12200 YEARLING,
17600 YVETTE,
17000 BLOCK YVETTE AVE,
2400 BLOCK ZANDIA AVE,
