,crossing
15679,605 N / B
23996,18300 / CRUSADER
12434,1100 0HIO
18477,10TH / GRAND AVE
18474,10TH / REDONDO
1013,300 BLOCK W 10TH ST
15347,600 BLOCK W 10TH ST
3566,"900 BLOCK E 10TH ST, LONG BEACH CA"
15004,"1400 BLOCK E 10TH ST, LONG BEACH CA"
782,"2900 BLOCK E 10TH ST, LONG BEACH CA"
12730,"1100 BLOCK E 10TH ST, LONG BEACH CA"
8765,"1500 BLOCK E 10TH ST, LONG BEACH, CA"
4952,"4500 BLOCK E 10TH ST, LONG BEACH, CA"
14728,1400 BLOCK E 11TH ST
23626,700 BLOCK E 11TH ST
12490,1100 BLOCK E 11TH ST
12209,4000 BLOCK E 11TH ST
15388,"2300 BLOCK E 11TH ST, LONG BEACH CA"
23763,"700 BLOCK W 11TH ST, LONG BEACH CA"
13570,1200TH BLOCK DAISY AVE
14236,"1300 BLOCK W 12TH ST, LONG BEACH CA"
20587,"1300 W 12TH ST, LONG BEACH CA"
20862,13500TH BLOCK SEAL BEACH BLVD
14650,"13P00 BLOCK E 17TH ST, LONG BEACH CA"
1698,3500 14TH ST
29731,2000 BLOCK W 14TH ST
15892,2500 BLOCK E 14TH ST
5361,"500 BLOCK E 14TH ST, LONG BEACH CA"
2128,"3900 BLOCK E 14TH ST, LONG BEACH CA"
15894,"2500 BLOCK E 14TH ST, LONG BEACH, CA"
628,"2800 BLOCK E 14TH ST, LONG BEACH, CA"
462,2600 E 15TH
16484,2800 BLOCK E 15TH ST
7055,"1000 BLOCK 15TH ST, LONG BEACH CA"
10399,"200 BLOCK W 15TH ST, LONG BEACH CA"
17284,"100 BLOCK E 15TH ST, LONG BEACH CA"
2685,"700 BLOCK E 15TH ST, LONG BEACH CA"
18201,10000 BLOCK 166TH ST
20693,13000 E 166TH ST
14486,"13200 BLOCK E 166TH ST, CERRITOS CA"
14376,"13000 BLOCK E 166TH ST, CERRITOS CA"
724,2900 BLOCK 16TH ST
783,"2900 BLOCK E 16TH ST, LONG BEACH CA"
1038,"300 BLOCK E 16TH ST, LONG BEACH CA"
27237,"1600 BLOCK W 16TH ST, LONG BEACH CA"
27764,1700TH BLOCK EAST SPRING ST
27727,2300 E 17TH
23386,17TH / ATLANTIC
11241,2300 BLOCK 17TH ST
18885,1100 E 17TH ST
5247,500 BLOCK E 17TH ST
15407,"600 BLOCK W 17TH ST, LONG BEACH CA"
20114,"1300 BLOCK E 17TH ST, LONG BEACH CA"
15392,"2300 BLOCK E 17TH ST, LONG BEACH, CA"
7447,"10800 BLOCK 183RD ST, CERRITOS CA"
19244,"11900 BLOCK 186TH ST, ARTESIA"
24636,190TH BLOCK VOLK ST
19922,"12500 BLOCK 195TH ST, CERRITOS CA"
15353,"600 BLOCK W 19TH ST, LONG BEACH CA"
17502,1000 BLOCK E 1ST
16589,1 BLOCK E 1ST PL
1480,3300 BLOCK E 1ST ST
20869,500 E 1ST ST
22325,600 E 1ST ST
29930,"2100 BLOCK 1ST ST, LONG BEACH, CA"
2036,"3800 BLOCK E 1ST ST, LONG BEACH, CA"
1392,"3200 BLOCK E 1ST ST, LONG BEACH, CA"
12500,"1100 BLOCK E 1ST ST, LONG BEACH, CA"
10748,200TH BLOCK W 60TH WAY
6943,100 BLOCK W 20TH BST
12021,400 BLOCK W 20TH ST
14226,"1300 BLOCK E 20TH ST, LONG BEACH"
8304,"1300 BLOCK E 20TH ST, LONG BEACH CA"
8680,"1400 BLOCK E 20TH ST, LONG BEACH CA"
7293,"1000 BLOCK E 20TH ST, LONG BEACH CA"
6493,"624 E 20TH ST, LONG BEACH CA"
20865,"500 BLOCK E 20TH ST, LONG BEACH CA"
8020,"12200 BLOCK 216TH ST, HAWAIIAN GARDENS"
7098,1000 BLOCK E 21ST ST
12068,1000 E 21ST ST
7100,"1000 BLOCK E 21ST ST, LONG BEACH, CA"
32024,"7000 BLOCK 229TH ST, EAST BRADENTON"
15628,23O BLOCK BELMONT AVE
4549,400 BLOCK W 23RD ST
12843,"4500 BLOCK E 23RD ST, LONG BEACH CA"
21928,"1500 BLOCK E 23RD ST, SIGNAL HILL CA"
15006,"1400 BLOCK E 23RD ST, SIGNAL HILL CA"
29348,"200 BLOCK E 25TH ST, LONG BEACH CA"
28879,2700TH BLOCK E ANAHEIM ST
5574,5200 E 27TH
3466,900 BLOCK E 27TH ST
5562,"5200 BLOCK E 27TH ST, LONG BEACH CA"
9177,"1700 28TH ST, SIGNAL HILL CA"
6235,600 W 29TH ST
10946,"2100 BLOCK W 29TH ST, LONG BEACH CA"
1812,3600 BLOCK E 2ND ST
17287,3000 BLOCK E 2ND ST
16766,2ND ST AT VILLAGE DR
16048,"2500 BLOCK E 2ND ST, LONG BEACH CA"
31712,"6800 BLOCK E 2ND ST, LONG BEACH CA"
3567,"900 BLOCK E 2ND ST, LONG BEACH CA"
24278,"1900 BLOCK E 2ND ST, LONG BEACH, CA"
7102,"1000 BLOCK E 2ND ST, LONG BEACH, CA"
13890,1300 BLOCK E 2OTH
20435,1300 BLOCK W 31ST
21863,1500 BLOCK W 31ST
24923,"800 BLOCK W 33RD WAY, LONG BEACH CA"
24925,"800 BLOCK W 34TH ST, LONG BEACH CA"
31837,700 BLOCK E 36TH ST
19461,400 BLOCK W 37TH ST
11267,"00 39TH PL, LONG BEACH CA"
15413,600 E 3RD ST
8961,1600 BLOCK E 3RD ST
17508,1000 BLOCK E 3RD ST
2671,700 BLOCK W 3RD ST
30581,"230 W 3RD ST, LONG BEACH CA"
7922,"1200 BLOCK E 3RD ST, LONG BEACH CA"
7105,"1000 BLOCK E 3RD ST, LONG BEACH, CA"
27031,"1600 BLOCK 3RD ST, LONG BEACHCA"
4712,400TH TERMINO
12018,"1000 BLOCK E 45TH WAY, LONG BEACH CA"
24997,200 BLOCK E 46TH ST
13115,4700TH BLOCK LURELEI
6733,"00 BLOCK W 47TH ST, LONG BEACH CA"
13631,500 BLOCK W 4TH ST
19193,400 BLOCK E 4TH ST
22811,1700 BLOCK E 4TH ST
1050,300 E 4TH ST
12342,1073 E 4TH ST
156,2400 BLOCK E 4TH ST
11644,1000 BLOCK 4TH ST
331,"2500 BLOCK E 4TH ST, LONG BEACH CA"
21460,"1400 BLOCK E 4TH ST, LONG BEACH CA"
23632,"700 BLOCK E 4TH ST, LONG BEACH CA"
30141,"3000 BLOCK E 4TH ST, LONG BEACH, CA"
10203,"200 BLOCK 51ST ST, LONG BEACH CA"
16559,"00 BLOCK W 51ST ST, LONG BEACH CA"
11542,100 BLOCK W 52ND ST
824,300 BLOCK 52ND ST
11596,"100 BLOCK W 52ND ST, LONG BEACH CA"
31499,"400 BLOCK E 52ND ST, LONG BEACH CA"
22724,1700 BLOCK 53RD ST
6747,10 54TH PL
21626,55TH / ATLANTIC
16849,300 BLOCK E 55TH ST
13896,1300 BLOCK E 55TH ST
17135,"300 BLOCK E 55TH ST, LONG BEACH CA"
12079,"400 BLOCK E 55TH ST, LONG BEACH CA"
1039,"300 BLOCK E 56TH ST, LONG BEACH CA"
8306,"1300 BLOCK E 56TH ST, LONG BEACH CA"
13402,"1200 BLOCK E 56TH ST, LONG BEACH CA"
575,"2700 BLOCK E 56TH WAY, LONG BEACH CA"
11398,100 BLOCK E 57TH ST
511,2700 BLOCK E 57TH ST
28832,"2700 BLOCK E 57TH ST, LONG BEACH CA"
1040,"300 BLOCK E 57TH ST, LONG BEACH CA"
15029,5800TH BLOCK OBISPO AVE
6997,"100 BLOCK E 59TH ST, LONG BEACH CA"
9534,1800 BLOCK E 5TH ST
27498,1700 BLOCK E 5TH ST
31470,400 BLOCK 5TH ST
25476,"200 BLOCK W 5TH ST, LONG BEACH CA"
22262,"600 BLOCK W 5TH ST, LONG BEACH CA"
17541,"1000 BLOCK E 5TH ST, LONG BEACH CA"
28977,"2800 BLOCK E 5TH ST, LONG BEACH, CA"
4557,"400 BLOCK W 5TH ST, LONG BEACH, CA"
8780,1500 BLOCK E 5TH STREET LONG BEACH CA
1041,"300 BLOCK E 60TH ST, LONG BEACH CA"
30896,3400 BLOCK E 61ST ST
29457,300 BLOCK E 61ST STREET
638,2800 BLOCK E 63RD ST
24193,1900 BLOCK 63RD ST
736,2900 BLOCK E 63RD ST
20245,1300 BLOCK E 63RD ST X ORANGE AVE
23795,"1800 BLOCK E 63RD ST, LONG BEACH CA"
19384,1200 BLOCK E 64TH ST
1666,"3400 BLOCK E 64TH ST, LONG BEACH"
17703,"3100 BLOCK E 64TH ST, LONG BEACH CA"
28638,"1900 BLOCK E 64TH ST, LONG BEACH CA"
30324,"2200 BLOCK E 65TH ST, LONG BEACH, CA"
7617,"1100 BLOCK E 66TH WAY, LONG BEACH"
12732,"1100 BLOCK E 66TH WAY, LONG BEACH CA"
15904,2500 BLOCK E 67TH ST
25041,200 BLOCK E 67TH ST
1592,3400 BLOCK 67TH ST
21623,147 E 67TH ST
6144,600 BLOCK E 67TH ST
25054,200 BLOCK E 67TH WAY
10435,"200 BLOCK W 67TH WAY, LONG BEACH"
25478,"200 BLOCK W 67TH WAY, LONG BEACH CA"
25463,"200 BLOCK E 67TH WAY, LONG BEACH CA"
10251,"200 BLOCK E 67TH WAY, LONG BEACH, CA"
13198,1200 BLOCK E 68TH ST
22195,1600 BLOCK E 68TH ST
11590,"100 BLOCK E 68TH ST, LONG BEACH CA"
27916,"1800 BLOCK E 68TH ST, LONG BEACH CA"
21690,"1500 BLOCK E 68TH ST, LONG BEACH, CA"
11605,100 E 68TH WAY
29041,200 BLOCK E 69TH ST
25069,200 BLOCK E 69TH WAY
17319,"100 E 69TH WAY, LONG BEACH CA"
24516,1900 BLOCK E 6TH ST
22270,600 BLOCK W 6TH ST
15243,600 BLOCK E 6TH ST
25481,"200 BLOCK W 6TH ST, LONG BEACH CA"
27223,"2200 BLOCK E 6TH ST, LONG BEACH CA"
28015,"2400 BLOCK E 6TH ST, LONG BEACH CA"
23976,"7-10 FREEWAY NEAR LONG BEACH BLVD EXIT, LONG BEACH CA"
2781,"7-10 FREEWAY, LONG BEACH, CA"
32039,7-10 SOUTH / E ANAHEIM ST
18501,1100 BLOCK 71ST ST
18054,"1000 BLOCK E 71ST ST, LONG BEACH CA"
18056,"1000 BLOCK E 71ST WAY, LONG BEACH CA"
7131,1000 BLOCK E 72ND ST
6126,600 BLOCK 72ND ST
3170,7700TH BLOCK E SPRING ST
32442,7700TH E SPRING ST
24603,770O E SPRING ST
29807,2000 E 7TH
355,2500 E 7TH ST
26922,2200 BLOCK E 7TH ST
14033,5200 BLOCK E 7TH ST
21989,5900 BLOCK E 7TH ST
17588,1000 BLOCK E 7TH ST
24672,7TH ST / ORANGE LONG BEACH CA
12550,"1100 BLOCK E 7TH ST, LONG BEACH CA"
17286,"100 BLOCK E 7TH ST, LONG BEACH CA"
19283,"1200 BLOCK 7TH ST, LONG BEACH CA"
5223,"500 BLOCK 7TH ST, LONG BEACH CA"
4578,"400 BLOCK E 7TH ST, LONG BEACH CA"
5561,"5200 BLOCK 7TH ST, LONG BEACH CA"
28138,"1800 E 7TH ST, LONG BEACH CA"
1872,3600 E 8TH ST
21080,1400 BLOCK E 8TH ST
22320,"600 BLOCK W 8TH ST, LONG BEACH CA"
18169,"3400 BLOCK E 8TH ST, LONG BEACH, CA"
29473,300 BLOCK E 9TH ST
29947,300 E 9TH ST
20069,"1300 BLOCK 9TH ST, LONG BEACH CA"
9068,"1600 BLOCK W 9TH ST, LONG BEACH CA"
3618,ABANDONED AT NATURE CENTER
25392,ABANDONED AT SHELTER
21475,5500 BLOCK ACKERFIELD
14461,5500 ACKERFIELD
5751,5500 BLOCK ACKERFIELD AVE
5755,"5500 BLOCK ACKERFIELD, LONG BEACH CA"
13762,"12700 BLOCK ACLARE ST, CERRITOS CA"
8407,13100 ACORO PL
7000,"100 BLOCK E ADAIR ST, LONG BEACH CA"
4579,"400 BLOCK E ADAIR ST, LONG BEACH CA"
458,"2600 BLOCK E ADAMS ST, CARSON, CA"
15548,"2300 BLOCK ADRIATIC AVE, LONG BEACH CA"
130,"2400 BLOCK ADRIATIC AVE, LONG BEACH, CA"
20434,4800 BLOCK AGATE AVE
18959,11000 BLOCK AGNES ST
25022,"8000 BLOCK AINSWORTH LN, LA PALAMA CA"
25024,"8000 BLOCK AINSWORTH LN, LA PALMA"
25025,"8000 BLOCK AINSWORTH LN, LA PALMA CA"
30666,3200 BLOCK AIRFLITE WAY
7001,"100 BLOCK E ALAMEDA ST, COMPTON CA"
23604,700 BLOCK ALAMITOS
6773,100 BLOCK ALAMITOS AVE
7059,1000 BLOCK ALAMITOS AVE
25083,900 BLOCK ALAMITOS AVE
32486,"800 BLOCK ALAMITOS AVE, LOMG BEACH CA"
29422,"2000 BLOCK ALAMITOS AVE, LONG BEACH"
21446,"1400 BLOCK ALAMITOS AVE, LONG BEACH CA"
11343,"100 BLOCK ALAMITOS AVE, LONG BEACH, CA"
25085,"900 BLOCK ALAMITOS AVE, LONG BEACH, CA"
27444,"1700 BLOCK ALAMITOS AVE, LONG BEACH, CA"
26127,"2000 BLOCK ALAMITOS AVE, SIGNAL HILL CA"
31319,3800 BLOCK ALBERAN AVE
29933,2100 BLOCK ALBURRY
134,2400 BLOCK ALBURY AVE
18989,3900 BLOCK ALBURY AVE
31299,"3700 BLOCK ALBURY AVE, LONG BEACH CA"
19977,12700 ALCONBURY
31409,3900 BLOCK E ALLIN ST
28764,"19200 BLOCK ALLINGHAM, CERRITOS CA"
25088,200 BLOCK E ALLINGTON ST
2185,400 BLOCK ALMOND AVE
32493,800 BLOCK ALOMITOS AVE
32697,"8500 BLOCK ALONDRA BLVD, PARAMOUNT, CA"
27819,17600 ALORA
30497,"2200 BLOCK AMELIA CT, SIGNAL HILL CA"
26666,2100 E ANAHEIM
31388,3816 E ANAHEIM
5669,5400 BLOCK E ANAHEIM
1675,3400 E ANAHEIM
15822,2400 E ANAHEIM
5390,"5000 BLOCK ANAHEIM AVE, LONG BEACH CA"
13893,"5000 BLOCK E ANAHEIM RD, LONG BEACH CA"
21299,"5300 BLOCK E ANAHEIM RD, LONG BEACH CA"
2108,"3900 BLOCK E ANAHEIM RD, LONG BEACH, CA"
356,2500 E ANAHEIM ST
2037,3800 BLOCK E ANAHEIM ST
252,2500 BLOCK ANAHEIM ST
25634,2000 BLOCK ANAHEIM ST
16851,100 BLOCK E ANAHEIM ST
31320,3800 BLOCK ANAHEIM ST
4732,4100 BLOCK E ANAHEIM ST
15217,600 BLOCK ANAHEIM ST
28166,2500 BLOCK E ANAHEIM ST
18171,3400 BLOCK E ANAHEIM ST
8466,1368 ANAHEIM ST
10958,2100 E ANAHEIM ST LONG BEACH CA
19591,"4000 BLOCK E ANAHEIM ST, LONG BEACH"
22112,"600 BLOCK ANAHEIM ST, LONG BEACH CA"
4817,"4200 BLOCK E ANAHEIM ST, LONG BEACH CA"
16108,"2540 ANAHEIM ST, LONG BEACH CA"
1491,"3300 BLOCK E ANAHEIM ST, LONG BEACH, CA"
21404,"1400 BLOCK W ANAHEIM ST, LONG BEACH, CA"
18879,"3800 BLOCK E ANAHEIM ST, LONG BEACH, CA"
8340,"1300 W ANAHEIM ST, LONG BECH CA"
17753,"3140 E ANAHEIM, LONG BEACH"
9077,"1600 E ANAHEIM, LONG BEACH CA"
27407,2300 BLOCK ANAHIEM
1609,3400 BLOCK E ANDY ST
20637,"13000 BLOCK ANDY ST, CERRITOS CA"
30849,"3300 BLOCK ANDY ST, LONG BEACH CA"
30951,"3400 BLOCK E ANDY ST, LONG BEACH CA"
27435,"1700 APOLLO WAY, SEAL BEACH, CA"
6021,5800 E APPAN
14855,5800 APPIAN WAY
22001,5900 BLOCK E APPIAN WAY
14039,"5200 BLOCK E APPIAN WAY, LONG BEACH, CA"
21798,"5800 BLOCK E APPIAN WY, LONG BEACH, CA"
32739,"900 BLOCK E APPLETON AVE, LONG BEACH, CA"
13916,"1300 BLOCK E APPLETON S, LONG BEACH, CA 90802T"
13842,1300 BLOCK APPLETON ST
22109,1600 BLOCK APPLETON ST
18850,"1100 BLOCK E APPLETON ST, LONG BEACH CA"
18622,1100 BLOCK E APPLETONST
11588,"100 BLOCK AQUARIUM WAY, LONG BEACH"
11284,"00 BLOCK AQUARIUM WAY, LONG BEACH CA"
8106,12800 BLOCK ARABELLA ST
31141,3600 BLOCK E ARABELLA ST
826,"300 BLOCK ARBOR BLVD, LONG BEACH CA"
16887,300 BLOCK E ARBOR RD
17396,100 W ARBOR ST
16889,300 BLOCK E ARBOR ST
11555,100 BLOCK W ARBOR ST
4581,"400 BLOCK E ARBOR ST, LONG BEACH CA"
26637,"2100 BLOCK W ARLINGTON SE, LONG BEACH CA"
28097,1800 BLOCK W ARLINGTON ST
26639,"2100 BLOCK W ARLINGTON ST, LONG BEACH CA"
17576,"3100 BLOCK ARMOURDALE, LONG BEACH"
20611,500 BLOCK ARTESIA
10713,2000 E ARTESIA
29340,200 BLOCK W ARTESIA
8469,13700 BLOCK ARTESIA AVE
30729,3200 BLOCK ARTESIA BLVD
20659,500 BLOCK E ARTESIA BLVD
10269,200 BLOCK E ARTESIA BLVD
12828,1100 W ARTESIA BLVD
20187,1300 BLOCK E ARTESIA BLVD
21316,540 E ARTESIA BLVD
3634,"ARTESIA BLVD / GERRIT, CE"
13802,"12900 BLOCK E ARTESIA BLVD, CERRITOS"
13592,"12100 BLOCK ARTESIA BLVD, CERRITOS CA"
17882,"3200 BLOCK E ARTESIA BLVD, LONG BEACH CA"
17705,"3100 BLOCK E ARTESIA BLVD, LONG BEACH CA"
26626,"2100 BLOCK E ARTESIA BLVD, LONG BEACH CA"
19498,"400 BLOCK E ARTESIA BLVD, LONG BEACH CA"
27861,"2400 BLOCK E ARTESIA BLVD, LONG BEACH, CA"
20196,"1300 BLOCK E ARTESIA BLVD, LONG BEACH, CA 90805,"
29369,300 BLOCK ARTESIA LN
14572,13500 BLOCK ASHWORTH PL
5870,"5600 BLOCK E ATHERTON ST, LONG BEACH CA"
5121,4800 ATLANTIC
6541,6400 ATLANTIC
15045,5900 ATLANTIC
4720,4100 ATLANTIC
26795,2200 ATLANTIC
22111,1600 BLOCK ATLANTIC
25439,ATLANTIC / 20TH
32897,ATLANTIC / ANAHEIM
32898,ATLANTIC / BURNETT ST
3641,ATLANTIC / CARMELITOS
21329,5400 BLOCK ATLANTIC AVE
17935,3300 BLOCK ATLANTIC AVE
15047,5900 BLOCK ATLANTIC AVE
5171,4900 BLOCK ATLANTIC AVE
13359,500 BLOCK ATLANTIC AVE
22738,6300 ATLANTIC AVE
16466,2800 BLOCK ATLANTIC AVE
21654,1500 BLOCK ATLANTIC AVE
3452,900 BLOCK ATLANTIC AVE
22992,6500 BLOCK ATLANTIC AVE
6340,6100 BLOCK ATLANTIC AVE
2327,6700 BLOCK ATLANTIC AVE
18993,3900 BLOCK ATLANTIC AVE
22825,6400 BLOCK ATLANTIC AVE
27032,1600 BLOCK ATLANTIC AVE
22113,600 BLOCK ATLANTIC AVE
14147,5300 BLOCK ATLANTIC AVE
6636,6500 ATLANTIC AVE
16215,"6400 BLOCK ATLANTIC AVE, LONG BEACH"
12077,"400 BLOCK ATLANTIC AVE, LONG BEACH CA"
15550,"2300 BLOCK ATLANTIC AVE, LONG BEACH CA"
29122,"2801 ATLANTIC AVE, LONG BEACH CA"
16791,"300 BLOCK ATLANTIC AVE, LONG BEACH CA"
6097,"5900 BLOCK ATLANTIC AVE, LONG BEACH CA"
15794,"2400 BLOCK ATLANTIC AVE, LONG BEACH CA"
31600,"6600 BLOCK ATLANTIC AVE, LONG BEACH CA"
6393,"6100 BLOCK ATLANTIC AVE, LONG BEACH CA"
16219,"6400 BLOCK ATLANTIC AVE, LONG BEACH CA"
9057,"1600 BLOCK ATLANTIC AVE, LONG BEACH CA"
1887,"3700 BLOCK ATLANTIC AVE, LONG BEACH CA"
23105,"1700 BLOCK ATLANTIC AVE, LONG BEACH CA"
30949,"3400 BLOCK ATLANTIC AVE, LONG BEACH CA"
23346,"6700 BLOCK ATLANTIC AVE, LONG BEACH CA"
28595,"2600 BLOCK ATLANTIC AVE, LONG BEACH CA"
11184,"2200 BLOCK ATLANTIC AVE, LONG BEACH CA"
5632,"5300 BLOCK ATLANTIC AVE, LONG BEACH CA"
30368,"3000 BLOCK ATLANTIC AVE, LONG BEACH CA"
13889,"5000 BLOCK ATLANTIC AVE, LONG BEACH CA"
5729,"5400 BLOCK ATLANTIC AVE, LONG BEACH CA"
14479,"5500 BLOCK ATLANTIC AVE, LONG BEACH CA"
9504,"1800 ATLANTIC AVE, LONG BEACH CA"
16126,"2600 BLOCK ATLANTIC AVE, LONG BEACH, CA"
2494,"6900 BLOCK ATLANTIC AVE, LONG BEACH, CA"
22114,"1600 BLOCK ATLANTIC AVE, LONG BEACH, CA"
16105,"6400 BLOCK ATLANTIC AVE, LONG BEACH, CA"
6791,"100 BLOCK ATLANTIC AVVE, LONG BEACH CA"
14257,5400 BLOCK ATLANTIC BLVD
25485,ATLANTIC BLVD / ARTESIA BLVD
2722,7000 BLOCK ATLANTIC PL
2786,"7100 BLOCK ATLANTIC PL, LONG BEACH CA"
82,"2300 BLOCK ATLANTIC(ALLEY), LONG BEACH CA"
26226,"20000 BLOCK AVENIDA PAMPLONA, CERRITOS CA"
21500,5500 BLOCK AZURE WAY
14346,13000 BACH WAY
22420,"1600 BLOCK E BAILEY WAY, LONG BEACH CA"
6215,600 BLOCK W BAKER ST
3604,"9500 BLOCK BALL RD, ANAHEIM CA"
25492,"BALL ROAD / VALLEY VIEW, CYPRESS"
1796,3600 BALTIC
1870,"3600 BLOCK BALTIC AVE, LONG BEACH CA"
29434,"2000 BLOCK BALTIC AVE, LONG BEACH CA"
220,"2400 BLOCK BALTIC AVE, LONG BEACH CA"
11557,100 BLOCK W BARCLAY ST
29354,"200 BLOCK E BARCLAY ST, LONG BEACH CA"
6794,100 BLOCK BAY SHORE AVE
26797,2200 BAY VIEW DR
16147,6400 BLOCK BAYARD ST
32922,"BEACH / CHAPMAN, STANTON, CA"
31703,"6800 BLOCK BELHURST AVE, LONG BEACHCA"
12553,4300 BLOCK BELLFLOWER
821,300 BELLFLOWER
23404,1800 BELLFLOWER
25496,BELLFLOWER / ELLIOTST
8057,1250 BELLFLOWER BLVD
16614,2900 BLOCK BELLFLOWER BLVD
29637,2000 BLOCK N BELLFLOWER BLVD
8742,"14500 BELLFLOWER BLVD, BELLFLOWER CA"
23109,"1700 BLOCK BELLFLOWER BLVD, LONG BEACH"
13116,"1200 BELLFLOWER BLVD, LONG BEACH"
13394,"1200 BLOCK BELLFLOWER BLVD, LONG BEACH CA"
457,"2600 BLOCK BELLFLOWER BLVD, LONG BEACH CA"
30379,"3000 BLOCK N BELLFLOWER BLVD, LONG BEACH CA"
13207,"4800 BLOCK BELLFLOWER BLVD, LONG BEACH CA"
698,"2800 BLOCK BELLFLOWER BLVD, LONG BEACH CA"
9123,"16200 BLOCK BELLFLOWER BLVE, BELLFLOWER CA"
26834,"2200 BLOCK BELLFLOWER, LONG BEACH CA"
32923,BELMONT PIER
32694,"8300 BLOCK BELMONT ST, BELLFLOWER"
11237,"22400 BLOCK BELSHIRE AVE, HAWAIIAN GARDENS CA"
24668,"19200 BLOCK BENFIELD AVE, CE"
7787,1200 BENNETT AVE
25449,"200 BLOCK BENNETT AVE, LONG BEACH CA"
6731,"00 BLOCK BENNETT AVE, LONG BEACH CA"
23990,7100 BLOCK BERNER ST
25499,"BERTH 49 W PIER D ST, LONG BEACH, CA"
10697,"2000 BLOCK BEVERLY PLZA, LONG BEACH CA"
14354,13000 BLOCK BIGELOW
25504,"BIXBY PARK 130 CHERRY AVE, LONG BEACH"
6415,6200 BLOCK BIXBY TERRACE DR
25507,"BLOCK PACIFIC AVE, LONG BEACH CA"
26286,20200 BLOCK BLOOMFEILD AVE
18442,10800 BLOOMFIELD
24055,18600 BLOOMFIELD
24795,19700 BLOOMFIELD
3667,BLOOMFIELD / ARTESIA
3670,BLOOMFIELD / BALL RD
3668,"BLOOMFIELD / SOUTH ST, CERRITOS CA"
24599,"19000 BLOCK BLOOMFIELD AVE, CERRITOS"
9789,"18600 BLOOMFIELD AVE, CERRITOS CA"
9146,"16600 BLOCK BLOOMFIELD AVE, CERRITOS CA"
28851,"19700 BLOCK BLOOMFIELD AVE, CERRITOS CA"
24848,"19900 BLOOMFIELD AVE, CERRITOS CA"
24046,"18600 BLOCK BLOOMFIELD AVE, CERRITOS, CA"
6018,5800 BOATHOUSE LN
5934,"5800 BLOCK BOATHOUSE LN, LONG BEACH, CA"
16432,"2700 BOCK E 4TH ST, LOS ANGELES CA"
19142,400 BLOCK BONITO AVE
10423,"200 BLOCK BONITO AVE, LONG BEACH CA"
11560,100 BLOCK W BORT
12966,"11200 BLOCK BOS ST, CERRITOS CA"
7679,"11000 BLOCK BRADFORD CIR, CERRITOS CA"
8064,"12500 BLOCK BRANDO ST, CERRITOS CA 907"
8748,1480 BRAYNT DR
18151,3400 BLOCK BRAYTON AVE
18059,"1000 BLOCK E BRENNER PL, LONG BEACH CA"
8409,13100 BLOCK BRIARWOOD AVE
12841,"4500 BLOCK BRIERCREST AVE, LAKEWOOD, CA"
25344,"9000 BLOCK BRIGHT AVE, WHITTIER, CA"
23625,1800 BLOCK N BRITTON DR
17219,300 W BROADWAY
6129,600 BLOCK BROADWAY
27504,1700 BLOCK E BROADWAY
4562,400 BLOCK W BROADWAY
25121,"200 BLOCK E BROADWAY AVE, LONG BEACH CA"
3479,900 BLOCK E BROADWAY LONG BEACH CA
18061,"1000 BLOCK E BROADWAY ST, LONG BEACH CA"
12179,"400 W BROADWAY, LONG BEACH CA"
11592,"100 BLOCK E BROADWAY, LONG BEACH CA"
19927,12500 BUBBLING CREEK
15043,588 E BURNETT
18063,"1000 BLOCK E BURNETT ST, SIGNAL HILL, CA"
16495,2800 BLOCK E CADE ST
9477,"17600 BLOCK CALIENTE PL, CERRITOS CA"
5657,5400 BLOCK CALIFORNIA
3685,CALIFORNIA / 36TH ST
14649,5600 BLOCK CALIFORNIA AVE
14259,5400 BLOCK CALIFORNIA AVE
6524,"6300 BLOCK CALIFORNIA AVE, LONG BEACH CA"
15751,"6100 BLOCK CALIFORNIA AVE, LONG BEACH CA"
15061,"5900 BLOCK CALIFORNIA AVE, LONG BEACH, CA"
5388,"5000 BLOCK CAMERINO ST, LAKEWOOD CA"
7973,12000 BLOCK CAMINO VALENCIA
6503,"6300 BLOCK E CAMPUS WAY, LONG BEACH, CA"
10774,"2100 BLOCK CANAL AVE, LONG BEACH CA"
8505,"1400 BLOCK CANAL AVE, LONG BEACH, CA"
32944,CANDLEWOOD / PARAMOUNT
23202,1700 W CANTON ST
10911,2100 BLOCK W CANTON ST
23828,"1800 BLOCK W CANTON ST, LONG BEACH CA"
10702,"2000 BLOCK W CANTON ST, LONG BEACH CA"
11254,"2300 BLOCK CARFAX AVE, LONG BEACH CA,"
22706,6200 CARITA AVE
8415,"13100 BLOCK CARLYN ST, CERRITOS CA"
31754,"6800 BLOCK E CARMEN ST, LONG BEACH"
9759,"18100 BLOCK CARMENITA RD, CERRITOS CA"
12262,"10500 BLOCK CARNABY ST, BELLFLOWER CA"
13644,"12300 BLOCK CARNABY ST, CERRITOS CA"
20821,"13400 BLOCK CARNABY ST, CERRITOS CA"
14444,"13100 BLOCK CAROLYN ST, CERRITOS CA"
1045,300 CARROL PARK W
14425,5400 E CARSON
14601,5500 E CARSON
32946,"CARSON / NORWALK, HAWAIIAN GARDENS, CA"
3691,"CARSON / PIONEER BLVD, HAWAIIAN GARDENS"
31984,7000 BLOCK CARSON BLVD LONG BEACH CA
24049,7200 BLOCK CARSON BLVD LONG BEACH CA
2961,"7600 BLOCK CARSON BLVD, LONG BEACH CA"
32458,"7800 BLOCK CARSON BLVD, LONG BEACH CA"
10798,2100 BLOCK E CARSON ST
2947,7600 BLOCK CARSON ST
3571,"900 BLOCK E CARSON ST, LONG BEACH"
22061,"5900 BLOCK E CARSON ST, LONG BEACH"
12034,"1000 BLOCK W CARSON ST, LONG BEACH CA"
2383,"6700 BLOCK E CARSON ST, LONG BEACH CA"
24180,"7500 BLOCK E CARSON ST, LONG BEACH CA"
32173,"7500 BLOCK CARSON ST, LONG BEACH CA"
19954,"4300 BLOCK E CARSON ST, LONG BEACH CA"
22539,"6100 BLOCK CARSON ST, LONG BEACH CA"
29782,"2000 BLOCK E CARSON ST, LONG BEACH CA"
21604,"5500 E CARSON ST, LONG BEACH CA"
21447,"5400 BLOCK CARSON ST, LONG BEACH CA"
3023,"7700 BLOCK E CARSON ST, LONG BEACH CA"
4973,"4500 BLOCK E CARSON ST, LONG BEACH CA"
14593,"5500 BLOCK E CARSON ST, LONG BEACH CA"
5772,"5500 BLOCK E CARSON ST, LONG BEACH, CA"
3022,"7700 BLOCK CARSON, LONG BEACH"
21448,"1400 BLOCK CARTAGENA ST, LONG BEACH CA"
11742,"1000 BLOCK E CARTEGENA, LONG BEACH"
28401,1900 BLOCK CASPIAN
29793,2000 CASPIAN
27877,1800 BLOCK CASPIAN AVE
494,2700 BLOCK CASPIAN AVE
27438,2300 BLOCK CASPIAN AVE
30730,"3200 BLOCK CASPIAN AVE, LONG BEACH CA"
22412,"1600 BLOCK CASPIAN AVE, LONG BEACH CA"
19981,12700 BLOCK CASTLEFORD LN
7422,"10700 BLOCK CATALINA ST, LOS ALAMITOS"
6098,"5900 BLOCK CCALIFORNIA AVE, LONG BEACH CA"
28311,"18600 BLOCK CECELIA WAY, CERRITOS CA"
12101,400 CEDAR
7795,1200 BLOCK CEDAR
20987,1400 BLOCK CEDAR AVE
18692,3700 BLOCK CEDAR AVE
11655,1000 BLOCK CEDAR AVE
8879,1500 CEDAR AVE
16798,300 BLOCK CEDAR AVE
30595,2300 BLOCK CEDAR AVE
25670,2000 BLOCK CEDAR AVE
1801,"3600 BLOCK CEDAR AVE, LONG BEACH CA"
16801,"300 BLOCK CEDAR AVE, LONG BEACH CA"
5359,"500 BLOCK CEDAR AVE, LONG BEACH CA"
17453,"1000 BLOCK CEDAR AVE, LONG BEACH CA"
9512,"1800 BLOCK CEDAR AVE, LONG BEACH, CA"
2177,"40 CEDAR WALK, LONG BEACH CA"
25537,CENTER
2960,7600 BLOCK S CENTRAL AVE / E 76TH PL
13993,"5100 BLOCK E CENTRALIA, LONG BEACH"
31007,3500 BLOCK CERRITOS AVE
17464,1000 BLOCK CERRITOS AVE
5226,500 BLOCK CERRITOS AVE
24694,800 BLOCK CERRITOS AVE
18453,"3500 BLOCK CERRITOS AVE, LONG BEACH"
4574,"400 BLOCK CERRITOS AVE, LONG BEACH CA"
22304,"600 BLOCK CERRITOS AVE, LONG BEACH CA"
30851,"3300 BLOCK CERRITOS AVE, LONG BEACH CA"
16369,"6500 BLOCK CERRITOS AVE, LONG BEACH CA"
2566,"700 BLOCK CERRITOS AVE, LONG BEACH CA"
9198,"1700 BLOCK CERRITOS AVE, LONG BEACH, CA"
31079,"3500 BLOCK CERRITOS AVE, LOS ALAMITOS CA"
32966,CERRITOS PARK EAST
18164,3400 BLOCK CHARLEMAGNE
12371,4100 BLOCK CHARLEMAGNE AVE
18523,3600 BLOCK CHARLEMANGE AVE
17580,3100 BLOCK CHATWIN AVE
30671,3200 BLOCK CHATWIN AVE
29050,2800 BLOCK CHERRY
16381,6500 CHERRY
6621,6400 CHERRY AVE
17583,3100 BLOCK CHERRY AVE
22639,6200 BLOCK CHERRY AVE
23241,6700 BLOCK CHERRY AVE
22783,1700 BLOCK CHERRY AVE
9860,1900 BLOCK CHERRY AVE
19152,400 BLOCK CHERRY AVE
18983,3841 CHERRY AVE
23570,6900 CHERRY AVE
29948,2100 BLOCK CHERRY AVE
2427,6800 BLOCK CHERRY AVE
18524,3600 BLOCK CHERRY AVE
23507,6900 BLOCK CHERRY AVE
5936,5800 BLOCK CHERRY AVE
24963,200 BLOCK CHERRY AVE
18863,3800 BLOCK CHERRY AVE
33001,CHERRY AVE / WILLOW ST
9206,1700 BLOCK CHERRY AVE AT PCH
27655,1700 BLOCK CHERRY AVE LONG BEACH CA
21903,"5800 BLOCK CHERRY AVE, LONG BEACH CA"
5462,"5000 BLOCK CHERRY AVE, LONG BEACH CA"
9667,"1800 BLOCK CHERRY AVE, LONG BEACH CA"
17276,"100 BLOCK CHERRY AVE, LONG BEACH CA"
8302,"1300 BLOCK CHERRY AVE, LONG BEACH CA"
4575,"400 BLOCK CHERRY AVE, LONG BEACH CA"
22602,"6100 BLOCK CHERRY AVE, LONG BEACH CA"
23465,"6800 BLOCK CHERRY AVE, LONG BEACH CA"
14089,"5200 BLOCK CHERRY AVE, LONG BEACH CA"
1989,"3700 BLOCK CHERRY AVE, LONG BEACH CA"
27269,"1600 BLOCK CHERRY AVE, LONG BEACH CA"
27651,"1700 BLOCK CHERRY AVE, LONG BEACH CA"
14591,"5500 BLOCK CHERRY AVE, LONG BEACH CA"
8873,"1500 BLOCK CHERRY AVE, LONG BEACH CA"
18052,"1000 BLOCK CHERRY AVE, LONG BEACH CA"
17879,"3200 BLOCK CHERRY AVE, LONG BEACH CA"
31674,"6700 BLOCK CHERRY AVE, LONG BEACH CAA"
23614,"700 BLOCK CHERRY AVE, LONG BEACH, CA"
28295,"2500 BLOCK CHERRY AVE, SIGNAL HILL CA"
221,"2400 BLOCK CHERRY AVE, SIGNAL HILL CA"
33002,"CHERRY AVENUE / EAST POINSETTIA STREET, LONG BEACH, CA"
33003,CHERRY AVENUE PARK
14889,5800 BLOCK CHERRY STREET LONG BEACH CA
15796,"2400 BLOCK CHERY AVE, SIGNAL HILL CA"
17475,"1000 BLOCK CHESNUT AVE, LONG BEACH, CA"
25384,970 W CHESTER PL LONG BEACH CA
32719,"900 BLOCK CHESTER PL, LONG BEACH CA"
25307,"900 BLOCK W CHESTER PL, LONG BEACH CA"
28420,2600 BLOCK CHESTNUT
33005,CHESTNUT
12372,10800 CHESTNUT
25613,"CHESTNUT / ANAHEIM, LONG BEACH CA"
8138,1300 BLOCK CHESTNUT AVE
8511,1400 BLOCK CHESTNUT AVE
5233,500 BLOCK CHESTNUT AVE
31483,400 BLOCK CHESTNUT AVE
10505,2000 BLOCK CHESTNUT AVE
11664,1000 BLOCK CHESTNUT AVE
13398,"1200 BLOCK CHESTNUT AVE, LONG BEACH"
29780,"2000 BLOCK CHESTNUT AVE, LONG BEACH"
12016,"1000 BLOCK CHESTNUT AVE, LONG BEACH CA"
16280,"2600 BLOCK CHESTNUT AVE, LONG BEACH CA"
29052,"2800 BLOCK CHESTNUT AVE, LONG BEACH CA"
31940,"700 BLOCK CHESTNUT AVE, LONG BEACH CA"
5360,"500 BLOCK CHESTNUT AVE, LONG BEACH CA"
8516,"1400 BLOCK CHESTNUT AVE, LONG BEACH CA"
16046,"2500 BLOCK CHESTNUT AVE, LONG BEACH CA"
21926,"1500 BLOCK CHESTNUT AVE, LONG BEACH CA"
3351,"800 BLOCK CHESTNUT AVE, LONG BEACH CA"
17880,"3200 BLOCK CHESTNUT AVE, LONG BEACH CA"
16813,"300 BLOCK CHESTNUT AVE, LONG BEACH, CA"
12320,10700 CHESTNUT ST
14653,5600 BLOCK CIRCLE DRIVE
3267,800 BLOCK E CLAIBORNE DR
5095,"4700 BLOCK CLAIR DEL AVE, LONG BEACH, CA"
25102,900 BLOCK CLAIRBORNE DR
17587,3100 BLOCK CLAIRMORE AVE
7007,100 CLAREMONT
18277,"3400 BLOCK CLAREMORE AVE, LONG BEACH CA"
16626,2900 BLOCK CLAREMORE LONG BEACH
17424,3000 BLOCK CLARK
9387,1700 CLARK
4694,"4000 BLOCK CLARK AVE, LONG BEACH CA"
23791,"1800 BLOCK CLARK AVE, LONG BEACH CA"
699,"2800 BLOCK CLARK AVE, LONG BEACH CA"
16714,"2900 BLOCK CLARK AVE, LONG BEACH CA"
4839,"4300 BLOCK CLARK AVE, LONG BEACH, CA ,90808"
27384,"22300 BLOCK CLARKDALE AVE, LONG BEACH CA"
28300,"18500 BLOCK CLYDEPARK, CERRITOS CA"
23401,6800 BLOCK COACHELLA AVE
23517,"6900 BLOCK COACHELLA AVE, LONG BEACH CA"
21131,5100 E COLORADO
19691,4008 COLORADO
3746,COLORADO LAGOON NEAR APPIAN WAY
30161,3000 BLOCK E COLORADO ST
744,"2900 BLOCK E COLORADO ST, LONG BEACH"
28200,1800 W COLUMBIA
9660,"1800 BLOCK W COLUMBIA ST, LONG BEACH, CA90810"
25712,"2000 BLOCK COLUMBIA ST, LONG BECH CA"
3747,COMMELBACK / TEMPLE
25635,COMPTON (ADD UNKNOWN)
22709,6200 E CONANT
4641,"4000 BLOCK E CONANT AVE, LONG BEACH, CA"
30406,3000 CONQUISTA
17752,"3131 COOLDIG ST, LONG BEACH CA"
16497,2800 BLOCK E COOLIDGE AVE LONG BEACH CA
1119,3000 BLOCK COOLIDGE ST
16716,"2900 BLOCK E COOLIDGE ST, LONG BEACH CA"
17138,"300 BLOCK E COOLIDGE ST, LONG BEACH CA"
14704,1400 BLOCK CORONADO
15227,600 BLOCK CORONADO AVE
983,300 BLOCK CORONADO AVE
16037,"6300 BLOCK CORONADO AVE, LONG BEACH"
19491,"400 BLOCK CORONADO AVE, LONG BEACH CA"
23803,"700 BLOCK CORONADO AVE, LONG BEACH CA"
11668,"1000 BLOCK CORONADO AVE, LONG BEACH CA"
9373,"1700 BLOCK CORONADO AVE, LONG BEACH CA"
22793,"1700 BLOCK CORONADO AVE, LONG BEACH, CA"
3352,"800 BLOCK CORONADO AVE, LONG BEACJH CA"
28692,"2700 BLOCK CORONADO PL, LONG BEACH, CA"
9450,17200 BLOCK CORTNER AVE
2083,3800 COUNTRY CLUB DR
19023,3900 BLOCK COUNTRY CLUB DR
2080,"3800 BLOCK COUNTRY CLUB DR, LONG BEACH CA"
10424,"200 BLOCK COVINA AVE, LONG BEACH CA"
12097,"400 BLOCK W COWLES ST, LONG BEACH CA"
22321,"600 BLOCK W COWLES, LONG BEACH CA"
25640,CP COULDNT REMEMBER
1430,"3200 BLOCK E CURRY ST, LONG BEACH CA"
2396,67009 BLOCK CURTIS AVE
2312,"6600 BLOCK CURTIS AVE, LONG BEACH CA"
21513,5500 BLOCK DAIRY AVE
21687,"5600 BLOCK DAIRY AVE, LONG BEACH CA"
19635,1200 DAISY
27715,2300 DAISY
19315,1200 BLOCK DAISY AVE
17595,3100 BLOCK DAISY AVE
11038,2200 BLOCK DAISY AVE
13397,500 BLOCK DAISY AVE
7892,"1200 BLOCK DAISY AVE, LONG BEACH CA"
20499,"1300 BLOCK DAISY AVE, LONG BEACH CA"
5096,"4700 BLOCK DAISY AVE, LONG BEACH CA"
25292,"900 BLOCK DAISY AVE, LONG BEACH CA"
13142,"1200 BLOCK DAISY AVE, LONG BEACH, CA"
17301,"100 BLOCK W DAMERON ST, LONG BEACH CA"
11289,"00 BLOCK W DAMERON ST, LONG BEACH CA"
7662,11000 BLOCK DAVENPORT ROAD
20030,"12900 BLOCK DAWN DR, CERRITOS CA"
24642,788 DAWNSON AVE
18880,1100 DAWSON
31955,700 DAWSON
2574,700 BLOCK DAWSON AVE
20102,"1300 BLOCK DAWSON AVE, LOMNG BEACHCA"
7292,"1000 BLOCK DAWSON AVE, LONG BEACH CA"
23805,"700 BLOCK DAWSON AVE, LONG BEACH CA"
8142,"1300 BLOCK DAWSON AVE, LONG BEACH, CA"
31834,"700 BLOCK DAWSON AVE, LONG BEACH, CA"
12472,"1100 BLOCK DAWSON AVE, LONG BEACH, CA"
83,"2300 BLOCK DAWSON AVE, SIGNAL HILL CA"
15791,6200 BLOCK DE FOREST AVE
19334,1200 BLOCK DE FOREST AVE
22701,"6200 BLOCK DE FOREST AVE, LONG BEACH CA"
31643,"6700 BLOCK E DE LEON AVE, LONG BEACH, CA"
29904,"300 BLOCK DE NEVE DR, LOS ANGELES CA"
5769,5500 BLOCK DEBORAH ST
21985,5900 BLOCK DEFOREST
15165,"5900 BLOCK DEFOREST AVE, LONG BEACH"
27221,"2200 BLOCK DEFOREST, LONG BEACH CA"
29087,200 BLOCK E DEL AMO
10425,"200 BLOCK DEL AMO BLVD, LONG BEACH CA"
27092,"1600 BLOCK E DEL AMO BLVD, LONG BEACH, CA"
10285,"200 BLOCK E DEL AMO BLVD, LONG BEACH, CA"
8460,"13600 BLOCK DEL MONTE DR, SEAL BEACH CA"
31711,6800 BLOCK DELTA AVE
1806,3600 BLOCK DELTA AVE
31228,3700 BLOCK DELTA AVE
31080,"3500 BLOCK DENVER AVE, LONG BEACH CA"
28788,"19300 BLOCK DERBYSHIRE LN, CERRITOS CA"
19930,12500 DESTINO
14560,13400 DESTINO
10107,"19400 BLOCK DIAMOND COURT, CERRITOS CA"
28825,19500 DONNA
25683,DOWN BY THE BEACH
2382,"6700 BLOCK DOWNEY AVE, LONG BEACH"
22574,"16200 BLOCK DOWNEY AVE, PARAMOUNT, CA"
13652,12300 DROXFORD
18427,"10760 DROXFORD ST, CERRITOS, CA"
13816,"12900 BLOCK DROXFORD, CERRITOS CA"
33059,DUMPED IN SHELTER PLOT
15761,"6100 BLOCK DUNROBIN AVE, LAKEWOOD CA"
26006,E SEVENTH ST / REDONDO AVE
4003,E TERRACE / LEMON AVE
5587,5201 E7TH
11075,2200 BLOCK EARL AVE
9086,1600 EARL WARREN DR
28854,2700 EAST 3RD ST
17755,"3140 EAST ANAHEIM, LONG BEACH"
24857,800 BLOCK EAST OCEAN
2514,6900 BLOCK EASTINDALE AVE
23569,"6900 BLOCK EASTONDALE AVE, LONG BEACH CA"
17732,3100 EASY
15678,2400 BLOCK EASY AVE
11077,2200 BLOCK EASY AVE
16378,"2700 BLOCK EASY AVE, LONG BEACH CA"
29083,"2800 BLOCK EASY AVE, LONG BEACH CA"
333,"2500 BLOCK EASY AVE, LONG BEACH CA"
26426,"2100 BLOCK EASY AVE, LONG BEACH, CA 908"
13612,"12200 BLOCK EBERLE PL, CERRITOS CA"
29305,2900 EDINGER
3431,"8400 BLOCK EDINGER AVE, HUNTINGTON BEACH CA"
33271,EL DORADO DOG PARK
4009,EL DORADO NATURE CENTER
4010,EL DORADO PARK
1151,3000 BLOCK EL DORADO PARK
4011,EL DORADO PARK AREA 3 NEAR LAKE LONG BEACH CA
26108,"EL DORADO PARK AREA 3, LONG BEACH CA"
4012,EL DORADO PARK AREA III
33275,EL DORADO PARK BY GOLF COURSE
4013,EL DORADO PARK EAST GLIDER FIELD
4014,"EL DORADO PARK, LONG BEACH"
14311,5400 BLOCK EL JARDIN ST
14411,"5400 BLOCK E EL JARDIN ST, LONG BEACH CA"
2763,7000 E EL PASEO
31989,7000 BLOCK E EL PASEO ST
32007,7000 BLOCK EL PASEO ST
15839,6200 BLOCK E EL PASEO ST LONG BEACH
5563,"5200 BLOCK E EL PRADO ,LONG BEACH CA"
13528,12000 BLOCK ELGERS ST
6855,100 BLOCK E ELLIS
6732,"00 BLOCK ELLIS ST, LONG BEACH CA"
16880,"100 BLOCK E ELLIS ST, LONG BEACH, CA"
23826,700 ELM
26122,ELM / PLYMOUTH AVE
27886,2400 BLOCK ELM AVE
23808,"700 BLOCK ELM AVE, LONG BEACH CA"
28299,"2500 BLOCK ELM AVE, LONG BEACH CA"
15558,"2300 BLOCK ELM AVE, LONG BEACH CA"
5872,"5600 BLOCK ELM AVE, LONG BEACH CA"
17983,"3300 BLOCK ELM AVE, LONG BEACH, CA"
22702,"6200 BLOCK EMERALD COVE, LONG BEACH CA"
1588,335 EMPIRE LANDING
14380,"13000 BLOCK ESPINHEIRA DR, CERRITOS"
14450,13100 ESSEX
6223,"600 BLOCK ESTHER ST, LONG BEACH CA"
4582,"400 BLOCK E ESTHER ST, LONG BEACH CA"
2673,"700 BLOCK W ESTHER ST, LONG BEACH CA"
20250,1300 BLOCK ESTHER STREET LONG BEACH CA
20688,"500 BLOCK E ESTHER, LONG BEACH, CA"
25363,"9100 BLOCK ETHEL ST, CYPRESS CA"
28195,2500 BLOCK EUCALYPTUS AVE
28303,"2500 BLOCK EUCALYPTUS AVE, LONG BEACH CA"
1405,"3200 BLOCK EUCALYPTUS AVE, LONG BEACH CA"
31943,"700 BLOCK EUCLID AVE, LONG BEACH CA"
4017,EXCELSIOR DR / WHEATSTONE NORWALK
24845,"19900 BLOCK FAGAN AVE, CERRITOS CA"
32836,"900 BLOCK FAIRBANKS AVE, LONG BEACH"
1667,"3400 BLOCK FALCON AVE, LONG BEACH"
12979,"4600 BLOCK FALCON AVE, LONG BEACH CA"
19670,"4000 BLOCK FALCON AVE, LONG BEACH CA"
12845,"4500 BLOCK FALCON AVE, LONG BEACH CA"
18949,"3800 BLOCK FARQUHAR AVE, LOS ALAMITOS CA"
26995,2200 BLOCK FASHION AVE
27894,2400 BLOCK FASHION AVE
17707,"3100 BLOCK FASHION AVE, LONG BEACH CA"
1235,"3000 BLOCK FASHION AVE, LONG BEACH CA"
29325,2945 FASHION AVENUE
1624,"3400 BLOCK FELA AVE, LONG BEACH"
7395,"10400 BLOCK FERINA ST, BELLFLOWER CA"
20537,4900 BLOCK E FERRO ST
30370,"3000 BLOCK FIDLER AVE, LONG BEACH CA"
20168,4500 FIR AVE
21178,5200 BLOCK E FLAGSTONE
5856,"5600 BLOCK FLAGSTONE ST, LONG BEACH, CA"
31601,"6600 BLOCK FLATROCK DR, BAKERSFIELD"
15419,600 FLINT
15289,600 BLOCK FLINT AVE
13032,"11500 BLOCK FLOSSMOOR RD, SANTA FE SPRINGS CA"
526,"2700 BLOCK FOREMAN AVE, LONG BEACH, CA"
17303,"100 BLOCK W FORHAN ST, LONG BEACH CA"
31343,3800 BLOCK E FOUNTAIN ST
7620,"1100 BLOCK FREELAND ST, LONG BAECH CA"
22892,1700 BLOCK FREEMAN AVE
32550,800 BLOCK FREEMAN AVE LONGCH CA 90804 BE
31945,"700 BLOCK FREEMAN AVE, LONG BEACH CA"
23972,"710 FREEWAY / 405 FREEWAY, LONG BEACH CA"
4716,405 FREEWAY / 710
19698,"405 FREEWAY / CHERRY AVE, LONG BEACH CA"
4718,"405 FREEWAY / LAKEWOOD, LONG BEACH CA"
32038,710 N FREEWAY / OCEAN BLVD
2778,710 FREEWAY / PACIFIC COAST HWY
15675,605 FREEWAY AT 405 FREEWAY
2779,710 FREEWAY AT 6TH ST
32031,"710 FREEWAY AT 6TH ST, LONG BEACH CA"
23974,"710 FREEWAY AT ARTESIA BLVD, LONG BEACH CA"
25348,91 FREEWAY AT CARMENITA ROAD
25350,"91 FREEWAY AT CHERRY AVE, LONG BEACH CA"
25352,91 FREEWAY AT CHERRY ST
25354,91 FREEWAY AT DOWN AVE
12359,405 FREEWAY AT LAKEWOOD BLVD
19701,405 FREEWAY AT LONG BEACH BLVD
19699,"405 FREEWAY AT LONG BEACH BLVD, LONG BEACH CA"
2780,"710 FREEWAY AT PCH, LONG BEACH CA"
23978,710 FWY
25359,91 W FWY / CHERRY AVE
2783,710 FWY / LONG BEACH BLVD
23983,710 FWY BY 7TH ST
3599,91 FWY EASTBOUND CERRITOS CA
4719,405 FWY MAGNOLIA AVE / W WARDLOW RD
7392,103 FWY SOUTH OF WILLOW
31575,6600 BLOCK GALE AVE
29222,2900 BLOCK GALE AVE
30499,"2200 BLOCK GALE AVE, LONG BEACH"
15798,"2400 BLOCK GALE AVE, LONG BEACH CA"
30953,"3400 BLOCK GALE AVE, LONG BEACH CA"
17991,"3300 BLOCK GALE AVE, LONG BEACH, CA"
1155,"3000 BLOCK GALE AVE, LONG BEACH, CA"
9691,1800 GARDENIA
2618,700 BLOCK GARDENIA AVE
23298,6700 BLOCK GARDENIA AVE
21076,5030 GARDENIA AVE
5430,5000 BLOCK GARDENIA AVE
3572,"900 BLOCK GARDENIA AVE, LONG BEACH CA"
9559,"1800 BLOCK GARDENIA AVE, LONG BEACH CA"
31082,"3500 BLOCK GARDENIA AVE, LONG BEACH CA"
27942,"1800 BLOCK GARDENIA, LONG BEACH, CA"
24629,"7800 BLOCK E GARNER ST, LONG BEACH CA"
31247,3700 BLOCK GAVIOTA
4854,4300 BLOCK GAVIOTA AVE
18196,3400 BLOCK GAVIOTA AVE
31654,6700 BLOCK GAVIOTA AVE
24807,800 BLOCK GAVIOTA AVE
25179,900 BLOCK GAVIOTA AVE
12734,"1100 BLOCK GAVIOTA AVE, LONG BEACH CA"
10430,"200 BLOCK GAVIOTA AVE, LONG BEACH CA"
32624,"800 BLOCK GAVIOTA AVE, LONG BEACH CA"
27824,"1770 GAVIOTA AVE, LONG BEACH CA"
4922,"4400 BLOCK GAVIOTA AVE, LONG BEACH CA"
222,"2400 BLOCK GAVIOTA AVE, SIGNAL HILL CA"
27009,"2200 BLOCK GAVIOTA AVE, SIGNAL HILL CA"
10678,"2000 BLOCK W GAYLORD ST, LONG BEACH, CA"
33285,"GERALD DESMOND BRIDGE, LONG BEACH, CA"
9493,"17900 BLOCK GERRITT PL, CERRITOS CA"
17192,300 GLADYS
7183,1000 BLOCK GLADYS
23845,1800 GLADYS
23832,700 GLADYS
9269,1700 BLOCK GLADYS AVE
11804,1000 BLOCK GLADYS AVE
18855,"1100 BLOCK GLADYS AVE, LONG BEACH CA"
29921,"300 BLOCK GLADYS AVE, LONG BEACH CA"
17770,1000 BLOCK GLADYS X E 10TH ST
17343,3000 BLOCK GOLD STAR DR
30260,3000 BLOCK N GOLD STAR DR
17478,"3000 BLOCK N GOLD STAR DR, LONG BEACH CA"
17345,3000 BLOCK GOLDEN AVE
18198,3400 BLOCK GOLDEN AVE
28860,"2700 GOLDEN AVE, LONG BEACH"
12345,"401 GOLDEN AVE, LONG BEACH CA"
28599,"2600 BLOCK GOLDEN AVE, LONG BEACH CA"
27228,"2200 BLOCK GOLDEN AVE, LONG BEACH CA"
18206,"3400 BLOCK GOLDEN AVE, LONG BEACH, CA"
28203,"2500 BLOCK GOLDEN AVE, LONG BEACH, CA"
8997,1600 BLOCK GOLDEN RAIN RD
11613,100 GOLDEN SHORE LONG BEACH CA
4818,"4200 BLOCK GOLDFIELD AVE, LONG BEACH CA"
30372,"3000 BLOCK GOLDSTAR, LONG BEACH CA"
19180,11400 GONSALVES
19018,"11000 BLOCK GONSALVES PL, CERRITOS CA"
11426,100 BLOCK E GORDON ST
11489,"100 BLOCK GRANADA AVE, LONG BEACH, CA"
7331,1000 GRAND
20065,"4400 BLOCK GREEN AVE, LOS ALAMITOS CA"
2135,"3900 BLOCK GREENBRIER RD, LONG BEACH CA"
28882,"19900 BLOCK GRIDLEY RD, CERRITOS CA"
4903,4400 BLOCK GUNDRY AVE
5975,5800 BLOCK GUNDRY AVE
6323,"6000 BLOCK GUNDRY AVE, LONG BEACH CA"
4917,"4400 BLOCK GUNDRY, LONG BEACH CA"
18215,3400 BLOCK HACKETT AVE
14824,1400 BLOCK HACKETT AVE
12491,"4200 BLOCK HACKETT, LAKEWOOD, CA"
14727,5600 E HANBURY
9916,1900 BLOCK HARBOR AVE
19455,1200 BLOCK HARBOR AVE
31675,"6700 BLOCK HARBOR AVE, LONG BEACH"
10002,"1900 BLOCK HARBOR AVE, LONG BEACH CA"
14826,"1400 BLOCK HARBOR AVE, LONG BEACH CA"
23118,"6500 BLOCK E HARCO ST, LONG BEACH CA"
11593,100 BLOCK E HARCOURT ST LONG BEACH CA
29541,2000 BLOCK E HARDING ST
18576,3600 BLOCK HARDING ST
27271,"1600 BLOCK E HARDING ST, LONG BEACH CA"
7618,"1100 BLOCK E HARDING ST, LONG BEACH CA"
19500,"400 BLOCK E HARDING ST, LONG BEACH CA"
27226,"2200 BLOCK E HARDING ST, LONG BEACH CA"
30734,"3200 BLOCK HARDING ST, LONG BEACH CA"
28112,"1800 BLOCK HARDING ST, LONG BEACH CA"
28110,"1800 BLOCK E HARDING ST, LONG BEACH CA"
9546,1800 BLOCK E HARDWICK
21759,1500 BLOCK HARDWICK ST
27537,"1700 BLOCK HAROBR AVE, LONG BEACH90810"
4041,HARRISBURG / SHAKESPEARE ROSSMOOR
8383,13000 BLOCK HART PL
23979,"18000 BLOCK HARVEST , CERRITOS"
19727,4100 BLOCK HATHAWAY
18279,"3400 BLOCK HATHAWAY AVE, LONG BEACH CA"
29911,"20300 BLOCK HAWAIIAN AVE, LAKEWOOD CA"
27898,2400 BLOCK HAYES AVE
13107,4700 HAZELBROO
26160,HEARTWELL PARK
18281,"3400 BLOCK HEATHER RD, LONG BEACH CA"
31143,3600 BLOCK E HEDDA
17640,1000 BLOCK E HELLMAN ST
18748,1100 BLOCK HELLMAN ST
13940,1300 BLOCK E HELLMAN ST
9272,1700 BLOCK HENDERSON
28570,"1900 BLOCK HENDERSON AVE, LONG BEACH CA"
28680,"1900 HENDERSON AVE, LONG BEACH CA"
17142,"300 BLOCK HERMOSA AVE, LONG BEACH"
8813,1500 BLOCK HERNDERSON AVE
20394,"4700 BLOCK HERSHOLT AVE, LONG BEACH CA"
19827,"1230 BLOCK HIGHLAND AVE, DUARTE CA"
23487,1800 BLOCK E HILL ST
15415,600 E HILL ST
42,2300 BLOCK HILL ST
12020,"1000 BLOCK E HILL ST, LONG BEACH CA"
20867,"500 BLOCK E HILL ST, LONG BEACH CA"
32743,"900 BLOCK E HILL ST, LONG BEACH, CA"
28216,"2500 BLOCK HILL STREET, LONG BEACH, CA 90810 (CABRILLO HS FIELD)"
32555,800 BLOCK HOFFMAN AVE
3354,"800 BLOCK HOFFMAN AVE, LONG BEACH"
18859,"1100 BLOCK HOFFMAN AVE, LONG BEACH CA"
12024,"1000 BLOCK HOFFMAN AVE, LONG BEACH CA"
9495,17900 HOLMES
10429,"200 BLOCK E HOME ST, LONG BEACH CA"
12593,"4300 BLOCK HOWARD AVE, LOS ALAMITOS, CA"
6907,100 BLOCK HULLETT
27022,160 E HULLETT
4923,"4400 BLOCK HUNGERFORD, LAKEWOOD, CA"
9454,"17200 BLOCK IBEX AVE, CERRITOS CA"
12363,405 IN SIGNAL HILL
33331,INGLEWOOD
19859,12400 BLOCK INTERIOR CIR
10561,2000 BLOCK IROQUIOS AVE
30501,"2200 BLOCK IROQUOIS AVE, LONG BEACH"
1990,"3700 BLOCK IROQUOIS AVE, LONG BEACH CA"
1940,"3700 BLOCK IROQUOIS AVE, LONG BEACH, CA"
12391,4100 BLOCK E JACINTO WAY
7923,"1200 BLOCK E JACKSON ST, LONG BEACH CA"
13404,"1200 BLOCK E JACKSON ST, LONG BECH CA"
30921,3400 BLOCK JANICE ST
33333,"JAYMILLS / OSGOOD AVE, LONG BEACH"
9771,"18400 BLOCK JEFFREY AVE, CERRITOS CA"
15013,5800 JOHN AVE
22608,"6100 BLOCK JOHN AVE, LONG BEACH CA"
15627,"6000 BLOCK JOHN AVE, LONG BEACH CA"
26630,"2100 BLOCK JOHNSON CT, TORRANCE CA"
8592,"1400 BLOCK JUDSON AVE, LONG BEACH CA"
10350,200 BLOCK JUNIPERO
10834,2100 BLOCK JUNIPERO
7030,100 JUNIPERO
29190,200 BLOCK JUNIPERO AVE
7876,"1200 BLOCK JUNIPERO AVE, LONG BEACH"
8311,"1300 BLOCK JUNIPERO AVE, LONG BEACH CA"
21932,"1500 BLOCK JUNIPERO AVE, LONG BEACH CA"
16552,"00 BLOCK JUNIPERO AVE, LONG BEACH CA"
32766,"900 BLOCK JUNIPERO AVE, LONG BEACH, CA"
1170,3000 BLOCK KALLIN AVE
13068,"118700 KAMSTRA AVE, CERRITOS CA"
1351,"3100 BLOCK KANSAS AVE, SOUTH GATE"
17834,"3200 BLOCK KAREN AVE, LONG BEACH"
18811,"3700 BLOCK KAREN AVE, LONG BEACH CA"
33339,"KATELLA / FARQUHAR, LOS ALAMITOS CA"
31265,3700 BLOCK KATELLA AVE
4924,"4400 BLOCK KATELLA AVE, LOS ALAMITOS CA"
14189,"5300 BLOCK KATELLA AVE, LOS ALAMITOS, CA"
16233,"6450 KATELLA, CYPRESS"
23572,6900 E KEYNOTE
31732,6800 BLOCK KEYNOTE ST
22604,"6100 BLOCK E KEYNOTE ST, LONG BEACH CA"
14835,"5700 BLOCK KILLDEE ST, LONG BEACH CA"
6015,"5800 BLOCK E KILLDEE ST, LONG BEACH CA"
9828,18900 KINGS ROW
6525,"6300 BLOCK KNIGHT AVE, LONG BEACH CA"
2118,"3900 BLOCK KNOXVILLE, LONG BEACH CA"
30955,"3400 BLOCK LA JARA ST, LONG BEACH CA"
2388,6700 E LA MARIMBA
18660,3600 LADOGA
30867,3300 LADOGA
30236,3000 BLOCK LADOGA AVE
11104,2200 BLOCK LAKEWOOD
20170,4500 LAKEWOOD
5160,4800 LAKEWOOD
33345,LAKEWOOD / WILLOW
4696,4000 BLOCK LAKEWOOD AT THE LBX HANGER
28525,1900 BLOCK LAKEWOOD AVE
16194,2600 BLOCK LAKEWOOD BLVD
5186,"4900 BLOCK LAKEWOOD BLVD, LAKEWOOD, CA"
167,"2400 BLOCK LAKEWOOD BLVD, LONG BEACH"
15962,"2500 BLOCK LAKEWOOD BLVD, LONG BEACH CA"
30376,"3000 BLOCK LAKEWOOD BLVD, LONG BEACH CA"
18951,"3800 BLOCK LAKEWOOD BLVD, LONG BEACH CA"
12493,"4200 BLOCK LAKEWOOD BLVD, LONG BEACH, CA"
16218,"2600 BLOCK N LAKEWOOD BLVD, LONG BEACH, CA"
13651,"500 BLOCK LAKEWOOD CENTER MALL, LAKEWOOD CA"
21134,5100 LAMPSON
14231,"5300 LANAI AVE, LONG BEACH CA"
5873,"5600 BLOCK LANGPORT AVE, LONG BEACH CA"
5564,"5200 BLOCK E LAS LOMAS ST, LONG BEACH CA"
9140,"16600 BLOCK LAURELBROOW WY, CERRITOS CA"
28114,"1800 BLOCK LAVE AVE, LONG BEACH CA"
4077,LBACS
4078,LBAE
20290,"4600 BLOCK LCD, LONG BEACH CA"
17709,"3100 BLOCK LCD, LONG BEACH CA"
1431,"3200 BLOCK LCD, LONG BEACH CA"
1367,"3100 N LCD, LONG BEACH CA"
1412,3200 BLOCK LEES AVE
1761,"3500 BLOCK LEES AVE, LONG BEACH CA"
33347,LEFT AT FRONT DOOR
4079,LEFT IN PLOT
7924,"1200 BLOCK E LEIGH CT, LONG BEACH CA"
4080,LEISURE WORLD
23087,6500 BLOCK LEMON
31660,6700 BLOCK LEMON AVE
21530,5500 BLOCK LEMON AVE
6459,6200 BLOCK LEMON AVE
15519,6000 BLOCK LEMON AVE
22768,6300 BLOCK LEMON AVE
23089,6500 BLOCK LEMON AVE
28642,"1900 BLOCK LEMON AVE, LONG BEACH"
10698,"2000 BLOCK LEMON AVE, LONG BEACH"
27231,"2200 BLOCK LEMON AVE, LONG BEACH CA"
21472,"1400 BLOCK LEMON AVE, LONG BEACH CA"
22704,"6200 BLOCK LEMON AVE, LONG BEACH CA"
14093,"5200 BLOCK LEMON AVE, LONG BEACH CA"
26131,"2000 BLOCK LEMON AVE, LONG BEACH CA"
14232,"1300 BLOCK LEMON AVE, LONG BEACH CA"
2471,"6800 BLOCK LEMON AVE, LONG BEACH CA"
14834,"1400 BLOCK LEMON AVE, LONG BEACH, CA"
23444,"6800 BLOCK LEMON AVE, LONG BEACH, CA"
21711,5609 LESLIE AVE
21187,1400 BLOCK LEWIS AVE
7197,1000 BLOCK LEWIS AVE
25876,2000 BLOCK LEWIS AVE
9932,1900 BLOCK LEWIS AVE
27545,1700 BLOCK LEWIS AVE
7298,"1000 BLOCK LEWIS AVE, LONG BEACH"
8313,"1300 BLOCK LEWIS AVE, LONG BEACH CA"
1991,"3700 BLOCK LEWIS AVE, LONG BEACH CA"
16039,"6300 BLOCK LEWIS AVE, LONG BEACH CA"
11821,"1000 BLOCK LEWIS AVE, LONG BEACH, CA"
15525,"6000 BLOCK LEWIS AVE, LONG BEACH, CA"
18081,"3300 BLOCK LEWIS AVE, SIGNAL HILL CA"
31373,"3800 BLOCK LILLY AVE, LONG BEACH CA"
18283,"3400 BLOCK LILLY AVE, LONG BEACH CA"
23707,700 BLOCK LIME
32768,900 BLOCK LIME AVE
21246,530 BLOCK LIME AVE
7202,1000 BLOCK LIME AVE
27062,2200 BLOCK LIME AVE
10572,2000 BLOCK LIME AVE
3294,800 BLOCK LIME AVE
28540,1900 BLOCK LIME AVE
17817,1000 BLOCK LIME AVE LONG BEACH CA
27692,"2300 BLOCK LIME AVE, LONG BEACH CA"
29785,"2000 BLOCK LIME AVE, LONG BEACH CA"
31886,"700 BLOCK LIME AVE, LONG BEACH CA"
12738,"1100 BLOCK LIME AVE, LONG BEACH CA"
22065,"5900 BLOCK LIME AVE, LONG BEACH CA"
10431,"200 BLOCK LIME AVE, LONG BEACH CA"
22610,"6100 BLOCK LIME AVE, LONG BEACH CA"
8878,"1500 BLOCK W LINCOLN ST, LONG BEACH CA"
5886,5600 LINDEN
1946,3700 BLOCK LINDEN
12250,1050 LINDEN AVE
14319,5400 BLOCK LINDEN AVE
31040,3500 BLOCK LINDEN AVE
30392,2200 BLOCK LINDEN AVE
11937,400 BLOCK LINDEN AVE
15710,2400 BLOCK LINDEN AVE
31435,3900 BLOCK LINDEN AVE
22502,"6000 BLOCK LINDEN AVE, LONG BEACH CA"
13653,"500 BLOCK LINDEN AVE, LONG BEACH CA"
10432,"200 BLOCK LINDEN AVE, LONG BEACH CA"
23810,"700 BLOCK LINDEN AVE, LONG BEACH CA"
3573,"900 BLOCK LINDEN AVE, LONG BEACH CA"
7877,"1200 BLOCK LINDEN AVE, LONG BEACH CA"
27696,"2300 BLOCK LINDEN AVE, LONG BEACH CA"
27906,"2400 BLOCK LINDEN AVE, LONG BEACH CA"
10585,"2000 BLOCK LINDEN AVE, LONG BEACH CA"
17849,"1000 BLOCK LINDEN AVE, LONG BEACH, CA"
27169,"1600 BLOCK LINDEN AVE, LONG BEACH, CA ,90813"
21474,"1400 BLOCK LINDEN AVE, LONG BECH CA"
962,"300 BLOCK LINDERO AVE, LONG BEACH, CA"
6910,"100 BLOCK LINDERO AVE, LONG BEACH, CA"
17199,"300 LK CHESTNUT AVE, LONG BEACH CA"
9092,1600 LOCUST
28543,1900 BLOCK LOCUST AVE
27972,1800 BLOCK LOCUST AVE
5624,5300 BLOCK LOCUST AVE
10844,2100 BLOCK LOCUST AVE
5552,5200 BLOCK LOCUST AVE LONG BEACH CA
8874,"1500 BLOCK LOCUST AVE, LONG BEACAH"
27234,"2200 BLOCK LOCUST AVE, LONG BEACH CA"
3574,"900 BLOCK LOCUST AVE, LONG BEACH CA"
10005,"1900 BLOCK LOCUST AVE, LONG BEACH CA"
28268,"1805 LOCUST AVE, LONG BEACH CA"
5565,"5200 BLOCK LOCUST AVE, LONG BEACH CA"
26632,"2100 BLOCK LOCUST AVE, LONG BEACH CA"
9670,"1800 BLOCK LOCUST AVE, LONG BEACH CA"
12740,"1100 BLOCK LOCUST AVE, LONG BEACH CA"
24384,"1900 BLOCK LOCUST AVE, LONG BEACH, CA"
22290,"1600 BLOCK LOCUST AVE, LONG BEACH, CA"
22954,"1700 BLOCK LOCUST AVE, LONG BEACH, CA 9081`3"
4750,"4100 BLOCK LOCUST AVE, LONG BEACH90807"
27180,1600 BLOCK LOCUST ST
19389,"400 BLOCK LOCUST, LONG BEACH, CA"
1075,300 LOIUSE STREET
28690,1900 LOMA AVE
15391,"600 BLOCK LOMA AVE, LONG BEACH CA"
21938,"1500 BLOCK LOMA AVE, LONG BEACH CA"
25204,"900 BLOCK LOMA VISTA AVE, LONG BEACH 90"
32773,900 BLOCK LOMA VISTA DR
7887,1200 BLOCK N LOMA VISTA DR
3575,"900 BLOCK LOMA VISTA DR, LONG BEACH CA"
21548,5500 BLOCK LONG BEACH BLVD
27073,2200 BLOCK LONG BEACH BLVD
12827,4500 BLOCK LONG BEACH BLVD
15871,6200 BLOCK LONG BEACH BLVD
21286,5300 BLOCK LONG BEACH BLVD
28161,1800 LONG BEACH BLVD
28280,1830 LONG BEACH BLVD
5010,4600 BLOCK LONG BEACH BLVD
9597,1800 BLOCK LONG BEACH BLVD
5467,5000 BLOCK LONG BEACH BLVD
6330,6000 LONG BEACH BLVD
19390,400 BLOCK LONG BEACH BLVD
15299,600 BLOCK LONG BEACH BLVD
22417,6000 BLOCK LONG BEACH BLVD
755,2900 BLOCK LONG BEACH BLVD
26465,2100 BLOCK LONG BEACH BLVD
31788,6900 BLOCK LONG BEACH BLVD
5843,5533 LONG BEACH BLVD
12495,4200 BLOCK LONG BEACH BLVD
28493,2600 BLOCK LONG BEACH BLVD
4131,LONG BEACH BLVD / 49TH ST
26325,LONG BEACH BLVD / WARDLOW
20240,"4600 BLOCK LONG BEACH BLVD, LONG BEACH"
21553,"5500 BLOCK LONG BEACH BLVD, LONG BEACH"
17384,"3000 BLOCK LONG BEACH BLVD, LONG BEACH"
2521,"6900 BLOCK LONG BEACH BLVD, LONG BEACH"
28688,"1900 LONG BEACH BLVD, LONG BEACH CA"
13895,"5000 BLOCK LONG BEACH BLVD, LONG BEACH CA"
28603,"2600 BLOCK LONG BEACH BLVD, LONG BEACH CA"
4819,"4200 BLOCK LONG BEACH BLVD, LONG BEACH CA"
20288,"4600 BLOCK LONG BEACH BLVD, LONG BEACH CA"
27660,"1700 BLOCK LONG BEACH BLVD, LONG BEACH CA"
22498,"6000 BLOCK LONG BEACH BLVD, LONG BEACH CA"
20312,"1300 BLOCK LONG BEACH BLVD, LONG BEACH CA"
29783,"2000 BLOCK LONG BEACH BLVD, LONG BEACH CA"
30167,"2100 BLOCK LONG BEACH BLVD, LONG BEACH CA"
14989,"5800 BLOCK LONG BEACH BLVD, LONG BEACH CA"
9668,"1800 BLOCK LONG BEACH BLVD, LONG BEACH CA"
10004,"1900 BLOCK LONG BEACH BLVD, LONG BEACH CA"
21470,"1400 BLOCK LONG BEACH BLVD, LONG BEACH CA"
21595,"5500 BLOCK LONG BEACH BLVD, LONG BEACH CA"
5798,"5500 BLOCK LONG BEACH BLVD, LONG BEACH, CA"
10358,"200 BLOCK LONG BEACH BLVD, LONG BEACH, CA"
5154,"4800 BLOCK LONG BEACH BLVD,LONG BEACH CA"
4132,LONG BEACH TOWNE CENTER
4133,"LONG BEACH TOWNE CENTER, LONG BEACH"
33398,LOS ALAMITOS / CERRITOS LOS AL CA
7396,"10400 BLOCK LOS ALAMITOS AVE, LOS ALAMITOS CA"
18467,"10900 BLOCK LOS ALAMITOS BLVD, LOS ALAMITOS CA"
21897,"5800 BLOCK LOS ARCOS ST, LONG BEACH CA"
10433,"200 BLOCK LOS CERRITOS CENTER, CERRITOS CA"
17476,"3000 BLOCK LOS COYOTES DIAGANOL, LONG BEACH CA"
5554,"5200 BLOCK LOS COYOTES DIAGIONAL, LONG BEACH, CA"
18016,"3300 BLOCK N LOS COYOTES DIAGIONAL, LONG BEACH, CA"
27295,2200 LOS COYOTES DIAGONAL
20546,4900 BLOCK LOS COYOTES DIAGONAL
5511,5100 BLOCK LOS COYOTES DIAGONAL
5566,"5200 BLOCK LOS FLORES ST, LONG BEACH CA"
15167,"5900 BLOCK E LOS SANTOS DR, LONG BEACH CA"
25273,200 BLOCK LOUISE
16498,0 BLOCK E LOUISE
17361,100 E LOUISE
11567,100 BLOCK W LOUISE ST
32856,"9000 BLOCK LOUISE ST, BELLFLOWER"
25471,"200 BLOCK E LOUISE ST, LONG BEACH"
25275,"200 BLOCK LOUISE ST, LONG BEACH CA"
12089,"400 BLOCK E LOUISE ST, LONG BEACH CA"
17366,100 E LOUSIE ST
22583,"6100 BLOCK LOYNES DR, LONG BEACH, CA"
21227,1400 BLOCK LURAY ST
14786,1400 BLOCK E LURAY ST
12022,"1000 BLOCK E LURAY ST, LONG BEACH CA"
13408,"1200 BLOCK W MADDOX ST, LONG BEACH CA"
28597,"2600 BLOCK E MADISON ST, CARSON"
17846,3200 BLOCK MAGNOLIA
8713,1400 MAGNOLIA
31271,3700 BLOCK MAGNOLIA
15586,2300 MAGNOLIA AVE
10944,2100 BLOCK MAGNOLIA AVE
1178,3000 BLOCK MAGNOLIA AVE
9302,1700 BLOCK MAGNOLIA AVE
7880,1200 BLOCK MAGNOLIA AVE
27713,1700 MAGNOLIA AVE
184,2400 BLOCK MAGNOLIA AVE
9304,1700 BLOCK MAGNOLIA AVE LONG BEACH CA
17711,"3100 BLOCK MAGNOLIA AVE, LONG BEACH CA"
13659,"500 BLOCK MAGNOLIA AVE, LONG BEACH CA"
16577,"2800 BLOCK MAGNOLIA AVE, LONG BEACH CA"
7927,"1200 BLOCK MAGNOLIA AVE, LONG BEACH CA"
27662,"1700 BLOCK MAGNOLIA AVE, LONG BEACH CA"
1238,"3000 BLOCK MAGNOLIA AVE, LONG BEACH CA"
7217,"1000 BLOCK MAGNOLIA AVE, LONG BEACH, CA"
17048,"100 BLOCK MAGNOLIA AVE, LONG BEACH, CA"
9937,"1900 BLOCK MAGNOLIA AVE, LONG BEACH, CA"
670,"2800 BLOCK MAGNOLIA VAE, LONG BEACH CA"
10594,2000 BLOCK MAGNOLIAVE AVE
24960,800 MAINE
2081,"3800 BLOCK MAINE AVE, LONG BEACH"
30956,"3400 BLOCK MAINE AVE, LONG BEACH"
15564,"2300 BLOCK MAINE AVE, LONG BEACH CA"
1558,"3300 BLOCK MAINE AVE, LONG BEACH CA"
19398,"400 BLOCK MAINE AVE, LONG BEACH CA"
16058,"2500 BLOCK MAINE AVE, LONG BEACH CA"
16282,"2600 BLOCK MAINE AVE, LONG BEACH CA"
30855,"3300 BLOCK MAINE AVE, LONG BEACH, CA"
32776,"900 BLOCK MAINE AVE, LONG BEACH, CA"
23265,17100 BLOCK MAPES AVE
9147,"16600 BLOCK MAPES AVE, CERRITOS CA"
537,2700 BLOCK MARBER AVE
22688,"16900 BLOCK MARIA AVE, CERRITOS CA"
29221,200 BLOCK N MARINA DR
10360,200 BLOCK MARINA DR
10369,"200 BLOCK N MARINA DR, LONG BEACH, CA"
30181,3000 BLOCK E MARIQUITA ST
29912,"300 BLOCK E MARKER LN, LONG BEACH CA"
16938,300 BLOCK E MARKET ST
16898,100 BLOCK E MARKET ST
11755,1000 BLOCK E MARKET ST
26390,2100 BLOCK E MARKET ST
7296,"1000 BLOCK E MARKET ST, LONG BEACH CA"
16546,"00 BLOCK E MARKET ST, LONG BEACH CA"
30210,2100 MARTIN LUTHER JR AVE
15480,"2300 BLOCK MARTIN LUTHER KING BLVD, LONG BEACH CA"
28004,1800 BLOCK MARTIN LUTHER KING JR
3299,800 BLOCK MARTIN LUTHER KING JR
8235,1300 BLOCK MARTIN LUTHER KING JR
8236,1300 BLOCK MARTIN LUTHER KING JR AVE
32573,"800 BLOCK MARTIN LUTHER KING JR BLVD, LONG BEACH CA"
30711,"3200 BLOCK MARWICK AVE, LONG BEACH CA"
27602,2300 BLOCK MARWICK VE
5469,"5000 BLOCK MATNEY AVE, LONG BEACH CA"
4881,4300 MAURY AVE
31941,"700 BLOCK E MEDIO ST, LONG BEACH CA"
23836,700 MEDIO STREET
4168,"MENDY / GARFIELD, PARAMOUNT CA"
26392,MICHEALSON / WALNUT
13684,12400 MILES
25066,"8900 BLOCK MINER ST, LOS ANGELES CA"
11499,100 BLOCK MIRA MAR AVE
18955,"3800 BLOCK MISTRAL DR, HUNTINGTON BEACH CA"
11215,2200 MLK
11855,1000 BLOCK MLK BLVD
18065,"1000 BLOCK MLK JR AVE, LONG BEACH CA"
18861,"1100 BLOCK MLK JR AVE, LONG BEACH CA"
18864,"1100 BLOCK MLK JR, LONG BEACH"
26635,"2100 BLOCK MLK JR, LONG BEACH CA"
27703,"2300 BLOCK MLK JR, LONG BEACH CA"
14280,1300 MOLINO
32646,800 MOLINO
7949,1200 MOLINO
11123,"2200 BLOCK MONTAIR AVE, LONG BEACH, CA"
29033,"2800 BLOCK MONTAIRE AVE, LONG BEACH CA"
15484,"2300 BLOCK MONTE VERDE DR, SIGNAL HILL, CA"
8683,"1400 BLOCK MONTEBELLO, MONTEBELLO CA"
13614,"12200 BLOCK MONTECITO RD, SEAL BEACH CA"
26402,MOTHERS BEACH-5800 BLOCK APPIAN WAY
984,300 BLOCK MOUNTAIN VIEW
25283,200 BLOCK MOUNTAIN VIEW
1645,3400 BLOCK MYRTLE AVE
30414,2200 BLOCK MYRTLE AVE
6464,6200 BLOCK MYRTLE AVE
15135,5900 BLOCK MYRTLE AVE
23203,6600 BLOCK MYRTLE AVE
28524,2600 BLOCK MYRTLE AVE
13296,"1200 BLOCK MYRTLE AVE, LONG BEACH"
2537,"6900 BLOCK MYRTLE AVE, LONG BEACH CA"
10699,"2000 BLOCK MYRTLE AVE, LONG BEACH CA"
21911,"5800 BLOCK MYRTLE AVE, LONG BEACH CA"
14839,"5700 BLOCK MYRTLE AVE, LONG BEACH CA"
16041,"6300 BLOCK MYRTLE AVE, LONG BEACH CA"
16377,"6500 BLOCK MYRTLE AVE, LONG BEACH CA"
9609,"1800 BLOCK MYRTLE AVE, LONG BEACH, CA"
4226,NAACP FREEDOM PARK
6116,5959 NAPLES PLZ
22063,"5900 BLOCK E NAPLES PLZ, LONG BEACH CA"
972,300 BLOCK NEBRASKA
17141,"300 BLOCK E NEECE ST, LONG BEACH CA"
10315,200 BLOCK E NEVADA ST
32835,"900 BLOCK E NEVADA ST, SIGNAL HILL CA"
1327,"3100 BLOCK NEW DOCK, LONG BEACH CA"
18124,1000 E NEW YORK ST
7297,"1000 BLOCK E NEW YORK ST, LONG BEACH CA"
23370,"17800 BLOCK NEWBROOK AVE, CERRITOS CA"
24849,"800 BLOCK NEWPORT AVE, LONG BEACH, CA"
33482,NFD
18288,103 NIETO
18457,"3500 BLOCK NIMITZ RD, LONG BEACH CA"
459,"2600 BLOCK NIPOMO AVE, LONG BEACH"
12036,"1000 BLOCK N NORMAN CT, LONG BEACH CA"
24773,"19600 NORMANDIE, CE, CA90703"
16454,"2760 NORTH STUDEBAKER ROAD, LONG BEACH"
7003,"100 BLOCK E NORTON ST, LONG BEACH CA"
9148,"16600 BLOCK NORWALK AVE, CERRITOS CA"
18285,"3400 BLOCK NORWALK AVE, LONG BEACH CA"
18459,"3500 BLOCK NORWALK BLVD, LONG BEACH CA"
30856,"3300 BLOCK NORWALK BLVD, LONG BEACH CA"
7448,"10800 BLOCK OAK ST, LOS ALAMITOS CA"
21823,5800 BLOCK E OAKBROOK ST
22503,"6000 BLOCK OAKBROOK ST, LONG BEACH CA"
23147,651 OBISPO
11957,400 BLOCK OBISPO
26501,OBISPO / REDONDO
20348,1300 BLOCK OBISPO AVE LONG BEACH CA
10434,"200 BLOCK OBISPO AVE, LONG BEACH CA"
16191,"6400 BLOCK OBISPO AVE, LONG BEACH CA"
6478,"6200 BLOCK OBISPO AVE, LONG BEACH CA"
23086,"6500 BLOCK OBISPO AVE, LONG BEACH, CA"
15741,"6100 BLOCK OBISPO AVE, LONG BEACH, CA"
31948,"700 BLOCK OBISPO AVE, LONGH BEACH CA"
33487,OBISPO SIGNAL HILL
17675,3100 BLOCK OCANA AVE
27236,"2200 BLOCK OCANA AVE, LONG BEACH CA"
26679,2100 E OCEAN
2674,700 BLOCK W OCEAN
19091,3900 E OCEAN
13909,5000 E OCEAN
24075,7200 E OCEAN
1746,3500 BLOCK OCEAN
587,2700 E OCEAN
21224,5200 E OCEAN
5523,5100 E OCEAN
4234,OCEAN / 2NDST
4235,OCEAN / CORONADO
33488,"OCEAN / JUNIPERO AVE, LONG BEACH CA"
33489,OCEAN / REDONDO
29983,2100 BLOCK E OCEAN AVE
3310,800 BLOCK OCEAN AVE
23501,1800 BLOCK E OCEAN AVE
3440,888 OCEAN AVE
24966,800 OCEAN AVE
26683,"2100 E OCEAN AVE, LONG BEACH CA"
13913,5000 E OCEAN BLVD
10805,2100 BLOCK E OCEAN BLVD
24065,7200 BLOCK E OCEAN BLVD
10868,2100 BLOCK OCEAN BLVD
14383,5400 BLOCK OCEAN BLVD
14301,5400 BLOCK E OCEAN BLVD
6217,600 BLOCK W OCEAN BLVD
643,2800 BLOCK E OCEAN BLVD
32093,7200 BLOCK OCEAN BLVD
10961,2100 E OCEAN BLVD
4869,4300 BLOCK OCEAN BLVD
18375,3500 BLOCK E OCEAN BLVD
3353,"800 BLOCK E OCEAN BLVD, LONG BEACH CA"
28017,"2400 BLOCK E OCEAN BLVD, LONG BEACH CA"
4695,"4000 BLOCK E OCEAN BLVD, LONG BEACH CA"
4583,"400 BLOCK E OCEAN BLVD, LONG BEACH CA"
26135,"2000 BLOCK OCEAN BLVD, LONG BEACH CA"
14605,"5500 E OCEAN BLVD, LONG BEACH CA"
784,"2900 BLOCK E OCEAN BLVD, LONG BEACH CA"
26495,"2100 BLOCK OCEAN BLVD, LONG BEACH CA"
5871,"5600 BLOCK E OCEAN BLVD, LONG BEACH CA"
26393,"2100 BLOCK E OCEAN BLVD, LONG BEACH CA"
7925,"1200 BLOCK E OCEAN BLVD, LONG BEACH CA"
7619,"1100 BLOCK E OCEAN BLVD, LONG BEACH CA"
29987,"2100 BLOCK E OCEAN BLVD, LONG BEACH, CA"
5064,"4700 BLOCK E OCEAN BLVD, LONG BEACH, CA"
5428,"5000 BLOCK E OCEAN BLVD, LONG BEACH, CA"
21422,"5400 BLOCK OCEAN BLVD, LONG BEACH, CA 908"
5680,"5400 BLOCK E OCEAN BLVD, LONG BEACH, CA Q"
29865,"20000 E OCEAN, IN THE WATER"
11191,2200 BLOCK OHIO
11140,2200 BLOCK OHIO AVE
32793,900 BLOCK OHIO AVE
19530,"1200 BLOCK OHIO AVE, LONG BEACH, CA"
10611,2000 BLOCK OLIVE AVE
18028,3300 BLOCK OLIVE AVE
12812,1100 OLIVE AVE
30081,2100 BLOCK OLIVE AVE
28163,1800 OLIVE AVE
3542,900 BLOCK OLIVE AVE
29788,"2000 BLOCK OLIVE AVE, LONG BEACH CA"
16062,"2500 BLOCK OLIVE AVE, LONG BEACH CA"
4587,"400 BLOCK OLIVE AVE, LONG BEACH CA"
9671,"1800 BLOCK OLIVE AVE, LONG BEACH CA"
32586,"800 BLOCK OLIVE AVE, LONG BEACH, CA"
27142,"2200 BLOCK OLIVE AVE, LONG BEACH, CA"
25966,"2000 BLOCK OLIVE AVE, LONG BEACH90806"
4757,4100 BLOCK OLYMPIC PLAZA
12393,4100 BLOCK E OLYMPIC PLZ
15181,5900 ORANGE
6004,5800 BLOCK ORANGE
6521,6300 BLOCK ORANGE
26558,ORANGE / DEL AMO
26523,"ORANGE / WILLOW, SIGNAL HILL CA"
32054,7100 BLOCK ORANGE AVE
1961,3700 BLOCK ORANGE AVE
14973,5800 BLOCK ORANGE AVE
25990,2000 BLOCK ORANGE AVE
14581,5500 BLOCK ORANGE AVE
16555,"00 BLOCK ORANGE AVE, LONG BEACH CA"
21913,"5800 BLOCK ORANGE AVE, LONG BEACH CA"
20508,"1300 BLOCK ORANGE AVE, LONG BEACH CA"
21597,"5500 BLOCK ORANGE AVE, LONG BEACH CA"
6101,"5900 BLOCK ORANGE AVE, LONG BEACH CA"
5633,"5300 BLOCK ORANGE AVE, LONG BEACH CA"
15763,"6100 BLOCK ORANGE AVE, LONG BEACH CA"
5568,"5200 BLOCK ORANGE AVE, LONG BEACH CA"
2472,"6800 BLOCK ORANGE AVE, LONG BEACH CA"
9672,"1800 BLOCK ORANGE AVE, LONG BEACH CA"
15639,"6000 BLOCK ORANGE AVE, LONG BEACH CA"
18287,"3400 BLOCK ORANGE AVE, LONG BEACH CA"
12739,"4400 BLOCK ORANGE AVE, LONG BEACH CA"
12093,"400 BLOCK ORANGE AVE, LONG BEACH CA"
20162,"4500 BLOCK ORANGE AVE, LONG BEACH CA"
460,"2600 BLOCK ORANGE AVE, SIGNAL HILL CA"
14711,"5600 BLOCK ORANGETHORPE AVE, LA PALMA CA"
29397,200 ORCHID LANE
27592,1700 BLOCK OREGON AVE
20553,4900 BLOCK OREGON AVE
1560,"3300 BLOCK OREGON AVE, LONG BEACH CA"
10945,"2100 BLOCK OREGON AVE, LONG BEACH CA"
23814,"1800 BLOCK OREGON AVE, LONG BEACH CA"
2373,6700 BLOCK ORIZABA
4259,ORIZABA / BROADWAY LONG BEACH CA
17969,1000 BLOCK ORIZABA AVE
24921,"800 BLOCK ORIZABA AVE, LONG BEACH"
32625,"800 BLOCK ORIZABA AVE, LONG BEACH CA"
21815,"1500 BLOCK ORIZABA AVE, LONG BEACH CA"
31910,"700 BLOCK ORIZABA AVE, LONG BEACH, CA"
24520,"1900 BLOCK ORIZABA AVE, SIGNAL HILL CA"
4260,ORIZBA / EIGTH STREET
17291,"100 BLOCK E OSGOOD, LONG BEACH CA"
1964,3700 BLOCK OSTROM AVE
27411,"16800 BLOCK OUTRIGGER CIR, CERRITOS"
4261,"PACIFIC / BROADWAY, LONG BEACH, CA"
28049,1800 BLOCK PACIFIC AVE
447,2600 BLOCK PACIFIC AVE
16411,2700 BLOCK PACIFIC AVE
4677,4000 BLOCK PACIFIC AVE
21822,1500 BLOCK PACIFIC AVE
6922,"100 BLOCK PACIFIC AVE, LONG BEACH"
12746,"1100 BLOCK PACIFIC AVE, LONG BEACH"
16718,"2900 BLOCK PACIFIC AVE, LONG BEACH"
9378,"1700 BLOCK PACIFIC AVE, LONG BEACH CA"
11194,"2200 BLOCK PACIFIC AVE, LONG BEACH CA"
12026,"1000 BLOCK PACIFIC AVE, LONG BEACH CA"
4588,"400 BLOCK PACIFIC AVE, LONG BEACH CA"
1239,"3000 BLOCK PACIFIC AVE, LONG BEACH CA"
28605,"2600 BLOCK PACIFIC AVE, LONG BEACH CA"
1871,"3600 BLOCK PACIFIC AVE, LONG BEACH CA"
30957,"3400 BLOCK PACIFIC AVE, LONG BEACH CA"
7625,"1100 BLOCK PACIFIC AVE, LONG BEACH CA"
23816,"1800 BLOCK PACIFIC AVE, LONG BEACH CA"
20510,"1300 BLOCK PACIFIC AVE, LONG BEACH CA"
2065,"3800 BLOCK N PACIFIC AVE, LONG BEACH, CA"
30089,"2100 BLOCK PACIFIC AVE, LONG BEACH, CA"
9628,"1800 BLOCK PACIFIC AVE, LONG BEAXCH CA"
20423,4720 PACIFIC COAST
6889,100 BLOCK E PACIFIC COAST
5068,4700 BLOCK E PACIFIC COAST HWY
5113,4720 E PACIFIC COAST HWY
5119,4720 PACIFIC COAST HWY
22338,1600 BLOCK PACIFIC COAST HWY
17866,3200 BLOCK PACIFIC COAST HWY
19028,3900 BLOCK E PACIFIC COAST HWY
5419,5000 BLOCK E PACIFIC COAST HWY
14318,1300 W PACIFIC COAST HWY
29600,300 BLOCK E PACIFIC COAST HWY
20416,4720 E PACIFIC COAST HWY LONG BEACH CA
13390,"1200 BLOCK W PACIFIC COAST HWY, LONG BEACH"
13071,"4700 BLOCK E PACIFIC COAST HWY, LONG BEACH CA"
17313,"3000 BLOCK E PACIFIC COAST HWY, LONG BEACH CA"
15375,"600 BLOCK W PACIFIC COAST HWY, LONG BEACH CA"
2686,"700 BLOCK E PACIFIC COAST HWY, LONG BEACH CA"
32614,"800 BLOCK W PACIFIC COAST HWY, LONG BEACH CA"
26571,"2100 BLOCK W PACIFIC COAST HWY, LONG BEACH CA"
24878,"800 BLOCK PACIFIC COAST HWY, LONG BEACH CA"
5120,"4720 PACIFIC COAST HWY, LONG BEACH CA"
5363,"500 BLOCK E PACIFIC COAST HWY, LONG BEACH CA"
5114,"4720 E PACIFIC COAST HWY, LONG BEACH CA"
5869,"5600 BLOCK PACIFIC COAST HWY, LONG BEACH CA"
12700,"1100 BLOCK PACIFIC COAST HWY, LONG BEACH CA,"
6589,"6400 BLOCK E PACIFIC COAST HWY, LONG BEACH, CA"
23286,"6700 BLOCK E PACIFIC COAST HWY, LONG BEACH, CA"
20849,"500 BLOCK W PACIFIC COAST HWY, LONG BEACH, CA"
31413,"3900 BLOCK E PACIFIC COAST HWY, LONG BEACH, CA"
19233,"1190 E PACIFIC COAST, LONG BEACH, CA"
23121,"6500 BLOCK PAGEANTRY ST, LONG BEACH CA"
6397,"6100 BLOCK PAGEANTRY ST, LONG BEACH CA"
15747,6100 BLOCK PAGENTRY ST
27949,"2400 BLOCK PALM DR, SIGNAL HILL, CA"
8404,13000 PALM PL
9711,"1800 PALMER CT, LONG BEACH CA"
28698,1900 PALO VERDE
18253,3400 BLOCK PALO VERDE
26589,PALO VERDE / CARSON
33540,PALO VERDE / SOUTH ST
9379,"1700 BLOCK PALO VERDE AVE, LONG BEACH CA"
30958,"3400 BLOCK PALO VERDE AVE, LONG BEACH CA"
9257,"1700 BLOCK E PALO VERDE AVE, LONG BEACH CA"
32627,"800 BLOCK PALO VERDE AVE, LONG BEACH CA"
16326,2600 PANORAMA
5559,5200 BLOCK PAOLI WAY
8347,1300 W PARADE
14092,1300 BLOCK PARADE ST
8316,"1300 BLOCK W PARADE ST, LONG BEACH CA"
29777,"300 BLOCK PARALTA AVE, LONG BEACH CA"
5874,"5600 BLOCK PARAMOUNT AVE, LONG BEACH"
21438,5400 BLOCK PARAMOUNT BLVD
31802,6900 BLOCK PARAMOUNT BLVD
6479,"6200 BLOCK PARAMOUNT BLVD, LONG BEACH"
14397,"5400 BLOCK PARAMOUNT BLVD, LONG BEACH"
21449,"5400 BLOCK PARAMOUNT BLVD, LONG BEACH CA"
23475,"6800 BLOCK PARAMOUNT BLVD, LONG BEACH CA"
5829,"5500 BLOCK PARAMOUNT BLVD, LONG BEACH CA"
23575,6900 E PARAPET
15899,"6200 BLOCK PARIMA ST, LONG BEACH CA"
7344,1000 PARK
23115,"1700 BLOCK PARK AVE, LONG BEACH CA"
2651,"700 BLOCK PARK AVE, LONG BEACH, CA"
17715,"3100 BLOCK PARK LANE , LONG BEACH CA"
9752,18000 PARK PLAZA
13820,"12900 PARK PLAZA DR, CERRITOS CA"
14981,5800 BLOCK PARKCREST
14983,5800 BLOCK PARKCREST ST
21300,"5300 BLOCK E PARKCREST ST, LONG BEACH CA"
24447,1900 BLOCK PASADENA
9629,1800 BLOCK PASADENA AVE
9959,1900 BLOCK PASADENA AVE
15998,2500 BLOCK PASADENA AVE
15027,5800 PAVO
5482,5000 E PCH
29993,300 E PCH
360,2500 E PCH
20386,4700 BLOCK PCH
20322,4700 E PCH
5118,4720 E PCH
12479,4200 BLOCK E PCH
10716,2000 E PCH
1678,3400 E PCH
24196,7500 E PCH
6699,6500 E PCH
17510,3000 E PCH SH CA
20504,"1300 BLOCK E PCH, LONG BEACH CA"
5826,"5500 BLOCK E PCH, LONG BEACH CA"
23820,"1800 BLOCK PCH, LONG BEACH CA"
6590,"6400 BLOCK E PCH, LONG BEACH, CA"
21057,5000 E PCHP
26618,PEIR A WEST S HARBOR SCENIC DR
4286,PEIR G PORT OF LONG BEACH
9673,"1800 BLOCK PELORUS, SB"
27240,"2200 BLOCK PEPPERWOOD AVE, LONG BEACH CA"
16414,2700 BLOCK PETALUMA AVE
18956,"3800 BLOCK PETALUMA AVE, LONG BEACH CA"
21309,1400 BLOCK PETERSON AVE
8686,"1400 BLOCK PETERSON AVE, LONG BEACH CA"
21462,"1400 BLOCK E PHILLIPS ST, LONG BEACH CA"
26622,"PHONEIX,AZ"
5330,500 BLOCK PICO
29256,200 BLOCK PICO AVE
8837,"1500 BLOCK PIER C AVE, LONG BEACH, CA"
15399,"600 BLOCK PIER D, LONG BEACH CA"
22233,"600 BLOCK PIER D, LONG BEACH, CA"
21836,1500 BLOCK PIER F
14926,"1400 BLOCK PIER G AVE, LONG BEACH, CA"
19571,"1200 BLOCK PIER G AVE, LONG BEACH, CA"
13566,1200 BLOCK PIER G WAY LONG BEACH CA
7903,"1200 BLOCK PIER G, LONG BEACH, CA"
13581,"500 BLOCK PIER T AVE, LONG BEACH, CA"
28572,1900 BLOCK PINE
3322,800 BLOCK PINE
10986,2100 PINE
4295,"PINE / BROADWAY, LONG BEACH CA"
23677,1800 BLOCK PINE AVE
13360,1200 BLOCK PINE AVE
32802,900 BLOCK PINE AVE
18822,1100 BLOCK PINE AVE
8644,1400 BLOCK PINE AVE
27618,2300 BLOCK PINE AVE
8124,130 PINE AVE
7955,1200 PINE AVE
27201,1600 BLOCK PINE AVE
12299,4000 BLOCK PINE AVE
27391,2240 PINE AVE LONG BEACH CA
10701,"2000 BLOCK PINE AVE, LONG BEACH CA"
17994,"1000 BLOCK PINE AVE, LONG BEACH CA"
31375,"3800 BLOCK PINE AVE, LONG BEACH CA"
11595,"100 BLOCK S PINE AVE, LONG BEACH CA"
23812,"700 BLOCK PINE AVE, LONG BEACH CA"
9675,"1800 BLOCK PINE AVE, LONG BEACH CA"
15401,"600 BLOCK PINE AVE, LONG BEACH CA"
31915,"700 BLOCK PINE AVE, LONG BEACH, CA"
21328,"1400 BLOCK PINE AVE, LONG BEACH, CA"
22351,"1600 BLOCK PINE AVE, LONG BEACH, CA"
21442,"5400 BLOCK PINE AVE, LONG BEACH, CA"
10071,19000 PIOINEER
10073,19030 PIONEER
29914,"20300 PIONEER BLVD, CERRITOS CA"
10118,"19500 BLOCK PIONEER BLVD, CERRITOS CA"
9136,16400 PIUMA
27357,"16200 BLOCK PIUMA AVE, CERRITO CA"
27361,"16200 BLOCK PIUMA AVE, CERRITOS CA"
9134,"16400 BLOCK PIUMA AVE, CERRITOS CA"
10323,200 BLOCK E PLATT
11294,"00 BLOCK W PLEASANT ST, LONG BEACH CA"
5365,"500 BLOCK E PLEASANT ST, LONG BEACH CA"
20709,"500 BLOCK E PLEASANT ST, LONG BEACH, CA"
22867,1700 BLOCK E PLYMOUTH
7006,"100 BLOCK W PLYMOUTH ST, LONG BEACH"
11278,"00 BLOCK PLYMOUTH ST, LONG BEACH CA"
9374,"1700 BLOCK E PLYMOUTH ST, LONG BEACH CA"
19310,"400 BLOCK E PLYMOUTH ST, LONG BEACH, CA"
10381,"200 BLOCK PNE AVE, LONG BEACH CA"
8569,1400 BLOCK E POINSETTA ST
15012,"1400 BLOCK E POINSETTIA ST, LONG BEACH CA"
13406,"1200 BLOCK E POINSETTIA ST, LONG BEACH CA"
20700,13000 POINT REYES
936,300 BLOCK E POPPY ST
27925,1800 BLOCK E POPPY ST
15264,1500 BLOCK POPPY ST
10000,"1900 BLOCK E POPPY ST, LONG BEACH"
4584,"400 BLOCK E POPPY ST, LONG BEACH CA"
13223,4800 PREMIERE
32102,7200 PREMIUM
17930,"1000 BLOCK PV, LONG BEACH CA"
26633,QUEEN MARY
12144,1000 QUEENS HWY
11501,100 BLOCK N QUEENSWAY
31969,"700 QUEENSWAY DR, LONG BEACH CA"
18168,1000 R0SWELL
2092,3821 RADNOR AVE
787,"2900 BLOCK RADNOR AVE, LONG BEACH CA"
25061,8500 BLOCK RAMONA ST
4710,4000 RANSOM
12241,"4000 BLOCK E RANSOM ST, LONG BEACH, CA"
17297,"100 BLOCK RAVENA, LONG BEACH CA"
24565,1900 RAYMOND
16248,2600 BLOCK RAYMOND AVE
10008,"1900 BLOCK RAYMOND AVE, SIGNAL HILL"
24480,"1900 BLOCK RAYMOND AVE, SIGNAL HILL CA"
19808,12100 BLOCK REAGAN
30026,300 REDONDO
8723,1400 REDONDO
9638,1800 BLOCK REDONDO AVE
21333,1400 BLOCK REDONDO AVE
771,2900 BLOCK REDONDO AVE
29802,300 BLOCK REDONDO AVE LONG BEACH
4589,"400 BLOCK REDONDO AVE, LONG BEACH CA"
17145,"300 BLOCK REDONDO AVE, LONG BEACH CA"
28119,"1800 BLOCK REDONDO AVE, LONG BEACH CA"
2543,6962 E RENDINA ST
8482,13700 REVA CIR
26642,"REYES / SUSANNA, COMPTON, CA"
4480,400 BLOCK E RHEA ST
9788,"18600 BLOCK RHINE PL, CERRITOS, CA"
26029,2000 BLOCK RIVER
4305,RIVERBED NEAR 605 FREEWAY / SOUTH ST
2508,6900 BLOCK E ROBLE ST
2306,6600 BLOCK ROSE AVE
21336,1400 BLOCK ROSE AVE
15298,"1500 BLOCK ROSE AVE, LONG BEACH CA"
28121,"1800 BLOCK ROSE AVE, LONG BEACH CA"
8648,"1400 BLOCK ROSE AVE, LONG BEACH CA"
4537,400 BLOCK ROSE PL
14831,"5700 BLOCK E ROSEBAY ST, LONG BEACH CA"
24271,"7600 BLOCK ROSECRANS AVE, PARAMOUNT CA"
33559,ROSIES DOG BEACH NEAR WATER
12028,"1000 BLOCK ROSWELL AVE, LONG BEACH CA"
19438,"400 BLOCK ROSWELL AVE, LONG BEACH, CA"
3386,800 ROXANNE
30621,3100 BLOCK ROXANNE AVE
30716,3200 BLOCK ROXANNE AVE
17444,3000 BLOCK ROXANNE AVE
9975,1900 BLOCK ROXANNE AVE
1353,"3100 BLOCK ROXANNE AVE, LONG BEACH CA"
18431,"3500 BLOCK ROXANNE, LONG BEACH CA"
29811,300 BLOCK ROYCROFT AVE
4872,4300 BLOCK RUTGERS
31185,"3600 BLOCK RUTGERS AVE, LONG BEACH"
26658,S HARBOR SCENIC DR
10140,19600 BLOCK SABRINA CT
18010,1000 BLOCK SAINT LOUIS AVE
22944,"6400 BLOCK SAINT LOUIS AVE, LONG BEACH CA"
26139,"2000 BLOCK SAINT LOUIS AVE, SIGNAL HILL"
31922,"700 BLOCK SAINT LOUIS ST, LONG BEACH CA"
10157,19700 BLOCK SALLY AVE
11773,"1000 BLOCK E SALT LAKE ST, LONG BEACH"
18853,"1100 BLOCK E SALT LAKE, LONG BEACH CA"
26740,2100 SAN ANSELINE
30477,3000 SAN ANSELINE
12091,"400 BLOCK E SAN ANTONIO AVE, LONG BEACH CA"
11574,100 BLOCK W SAN ANTONIO DR
5368,"500 BLOCK W SAN ANTONIO DR, LONG BEACH CA"
7553,"1100 BLOCK E SAN ANTONIO DR, LONG BEACH, CA"
15776,2400 BLOCK SAN FRANCISCO
17451,3000 BLOCK SAN FRANCISCO AVE
563,"2700 BLOCK SAN FRANCISCO AVE, LONG BEACH CA"
15066,"1400 SAN FRANCISCO AVE, LONG BEACH CA"
28122,"1800 BLOCK SAN FRANCISCO AVE, LONG BEACH CA"
16721,"2900 BLOCK SAN FRANCISCO AVE, LONG BEACH CA"
28365,18800 SAN GABRIEL
9490,"17800 BLOCK SAN GABRIEL AVE, CERRITOS CA"
26197,"2000 SAN GABRIEL AVE, LONG BEACH CA"
10648,"2000 BLOCK SAN GABRIEL AVE, LONG BEACH, CA"
2693,"700 BLOCK SAN PABLO CT, LONG BEACH CA"
8021,"12200 BLOCK SANDY ROCK ST, CERRITOS CA"
7397,"10400 BLOCK SANTA CLARA ST, CYPRESS CA"
1541,3300 BLOCK SANTA FE
16560,2800 BLOCK SANTA FE
30623,3100 BLOCK SANTA FE AVE
18433,3500 BLOCK SANTA FE AVE
9810,1880 SANTA FE AVE
28577,2600 BLOCK SANTA FE AVE
33570,SANTA FE AVE / ANAHEIM ST
16751,2900 SANTA FE AVE LONG BEACH CA
10747,"2001 SANTA FE AVE, LONG BEACH"
19674,"4000 BLOCK SANTA FE AVE, LONG BEACH CA"
18460,"3500 BLOCK SANTA FE AVE, LONG BEACH CA"
20513,"1300 BLOCK SANTA FE AVE, LONG BEACH CA"
1668,"3400 BLOCK SANTA FE AVE, LONG BEACH CA"
28124,"1800 BLOCK SANTA FE AVE, LONG BEACH CA"
18086,"3300 BLOCK SANTA FE AVE, LONG BEACH CA"
30721,"3200 BLOCK SANTA FE AVE, LONG BEACH, CA"
1862,"3600 BLOCK SANTA FE, LONG BEACH,CA"
18177,1000 SANTIAGO
4539,400 BLOCK SANTIAGO AVE
23813,"700 BLOCK SANTIAGO AVE, LONG BEACH CA"
30630,"3100 BLOCK E SAWYER ST, LONG BEACH CA"
23987,710 SB AT WILLOW
17295,"100 BLOCK E SCOTT ST, LONG BEACH CA"
14833,"5700 BLOCK E SCRIVENER ST, LONG BEACH"
91,"2300 BLOCK SEABRIGHT AVE, LONG BEACH CA"
309,"2500 BLOCK SEABRIGHT AVE, LONG BEACH CA"
24981,800 SEAL BEACH BLVD
3593,900 SEAL BEACH BLVD
19870,"12400 BLOCK SEAL BEACH BLVD, SEAL BEACH CA"
26703,"SEAL BEACH BLVD, WESTMINSTER BLVD"
4318,SEAL BEACH LIFEGUARDS
23565,6900 BLOCK SEASIDE WALK
2509,"6900 BLOCK E SEASIDE WALK, LONG BEACH, CA"
2077,3800 BLOCK SEBREN
17465,3000 BLOCK SECOND ST
8074,12500 SEMORA
30735,"3200 BLOCK SENASAC AVE, LONG BEACH CA"
16976,"300 BLOCK E SGORELINE DR, LONG BEACH CA"
26709,SHELTER CAT
23050,1700 BLOCK SHERMAN PL
27665,"1700 BLOCK SHERMAN PL, LONG BEACH"
27273,"1600 BLOCK SHERMAN PL, LONG BEACH CA"
9380,"1700 BLOCK SHERMAN PL, LONG BEACH CA"
1757,3500 BLOCK SHIPWAY AVE
9676,"1800 BLOCK SHIPWAY AVE, LONG BEACH CA"
4585,"400 BLOCK E SHORELINE AVE, LONG BEACH"
29157,200 BLOCK E SHORELINE DR
19441,400 BLOCK SHORELINE DR
11885,400 BLOCK E SHORELINE DR
4586,"400 BLOCK E SHORELINE DR, LONG BEACH CA"
12769,"450 E SHORELINE DR, LONG BEACH CA"
11893,"400 BLOCK E SHORELINE DR, LONG BEACH, CA"
19323,"400 BLOCK E SHORELINE DRIVE, LONG BEACH, CA"
4322,SHORELINE VILLAGE 300 E SHORELINE
4486,400 BLOCK E SHORELINE VILLAGE DR
19442,400 BLOCK SHORELINE VILLAGE DR
31942,"700 BLOCK E SHORELINE, LONG BEACH CA"
28896,2750 SIGNAL PKWY
25305,"900 BLOCK SILVA ST, LONG BEACH CA"
2687,"700 BLOCK E SILVA ST, LONG BEACH CA"
21468,"1400 BLOCK E SILVA ST, LONG BEACH CA"
4323,SKYLINE / HILL
28314,"2500 BLOCK SKYLINE AVE, SIGNAL HILL CA"
1240,"3000 BLOCK SNOWDEN AVE, LONG BEACH CA"
10988,"2100 SNOWDEN AVE, LONG BEACH CA"
700,"2800 BLOCK SNOWDEN AVE, LONG BEACH CA"
3365,800 E SOUTH
12322,10700 SOUTH
26713,SOUTH / STUDEBAKER
16991,300 BLOCK E SOUTH ST
8185,1300 BLOCK E SOUTH ST
12312,10700 BLOCK SOUTH ST
18386,10700 SOUTH ST
19178,11400 BLOCK SOUTH ST
7554,1100 BLOCK E SOUTH ST
20052,12900 SOUTH ST
691,2800 BLOCK SOUTH ST
13000,11300 BLOCK SOUTH ST
7759,11500 SOUTH ST
12314,"10700 BLOCK SOUTH ST, CERRITOS CA"
29917,"300 BLOCK E SOUTH ST, LONG BEACH CA"
12030,"1000 BLOCK SOUTH ST, LONG BEACH CA"
18506,"3516 E SOUTH ST, LONG BEACH, CA"
29724,"2000 BLOCK SPARROW HILL LN, LAKEWOOD"
30424,3000 E SPAULDING
521,2700 BLOCK E SPAULDING ST
332,"2500 BLOCK E SPAULDING ST, LONG BEACH CA"
26628,"2100 BLOCK E SPAULDING ST, LONG BEACH CA"
746,"2900 BLOCK E SPAULDING ST, LONG BEACH, CA"
6095,"5900 BLOCK SPINNAKER BAY DR, LONG BEACH, CA"
32177,7500 E SPRING
32296,7700 E SPRING
32100,7200 E SPRING
21931,5800 E SPRING
24210,7550 E SPRING
33608,SPRING / 605 FWY
4339,"SPRING / STUDEBAKER RD, LONG BEACH"
32237,7700 BLOCK E SPRING ST
11471,100 BLOCK E SPRING ST
32169,7500 BLOCK SPRING ST
6657,6500 BLOCK E SPRING ST
24383,7700 E SPRING ST
3167,7700 SPRING ST
24283,7600 E SPRING ST
24367,7700 BLOCK SPRING ST
13875,5000 BLOCK SPRING ST
2916,7500 SPRING ST
2922,7550 E SPRING ST
2876,7500 BLOCK E SPRING ST
2478,6800 E SPRING ST
26764,SPRING ST / LOS ALAMITOS BLVD
26762,SPRING ST / PALO VERDE
3166,7700 E SPRING ST LONG BEACH
6692,"6500 BLOCK E SPRING ST, LONG BEACH"
2906,"7500 BLOCK SPRING ST, LONG BEACH"
24291,"7700 BLOCK E SPRING ST, LONG BEACH"
32305,"7700 E SPRING ST, LONG BEACH CA"
2904,"7500 BLOCK E SPRING ST, LONG BEACH CA"
32294,"7700 BLOCK E SPRING ST, LONG BEACH CA"
16983,"100 BLOCK E SPRING ST, LONG BEACH CA"
2962,"7600 BLOCK E SPRING ST, LONG BEACH CA"
32175,"7500 BLOCK SPRING ST, LONG BEACH CA"
8309,"1300 BLOCK E SPRING ST, LONG BEACH CA"
19630,"1200 BLOCK E SPRING ST, LONG BEACH CA"
3029,"7700 BLOCK SPRING ST, LONG BEACH CA"
32135,"7500 BLOCK E SPRING ST, LONG BEACH, CA"
24249,"7550 E SPRING ST, LONG BEACH, CA 908O5"
2603,"700 BLOCK E SPRING ST, SIGNAL HILL CA"
3165,7700 E SPRING STREET
23879,7000 BLOCK E SPRING STREET
9312,1700 BLOCK N SPRING STREET CERRITOS
23945,7000 BLOCK SPRING STREET LONG BEACH CA
1419,3200 BLOCK N SPRINGDALE DR
1354,"3100 BLOCK SPRINGDALE DR, LONG BEACH CA"
479,2600 STANBRIDGE AVE
10901,"2100 BLOCK STANBRIDGE AVE, LONG BEACH, CA"
5728,"5400 BLOCK STANBRIDGE AVE, LONG BEACH, CA"
8275,1300 BLOCK STANLEY AVE
12720,1100 BLOCK STANLEY AVE
11166,2200 BLOCK STANLEY AVE
15403,"600 BLOCK STANLEY AVE, LONG BEACH CA"
12750,"1100 BLOCK STANLEY AVE, LONG BEACH CA"
20515,"1300 BLOCK STANLEY AVE, LONG BEACH CA"
27667,"1700 BLOCK STANLEY AVE, LONG BEACH CA"
24886,"800 BLOCK STANLEY AVE, LONG BEACH, CA 908"
27188,"2200 BLOCK STANLEY AVE, SIGNAL HILL, CA"
21944,"1500 BLOCK STANTON AVE, LONG BEACH CA"
8876,"1500 BLOCK STANTON PL, LONG BEACH CA"
6534,"6300 E STATE UNIVERSITY DR, LONG BEACH, CA"
74,2300 BLOCK STEARNLEE AVE
22949,6400 E STEARNS
1618,3400 BLOCK E STEARNS
22806,"6300 BLOCK E STEARNS ST, LONG BEACH CA"
31805,"6900 BLOCK STEARNS ST, LONG BEACH CA"
6509,"6300 BLOCK E STEARNS ST, LONG BEACH, CA"
8335,1300 STEVELY
1581,3300 STEVELY
1664,3400 BLOCK STEVELY AVE
1241,"3000 BLOCK STEVELY AVE, LONG BEACH CA"
30857,"3300 BLOCK STEVELY AVE, LONG BEACH CA"
31073,"3500 BLOCK STEVELY AVE, LONG BEACH, CA"
28621,"1900 BLOCK STEVELY AVE, LONG BEACH,CA"
8081,"12600 BLOCK STILLMAN ST, LAKEWOOD CA"
17484,"3000 BLOCK STUDEBACKER RD, LONG BEACH CA"
28867,2700 N STUDEBAKER
2066,3800 BLOCK N STUDEBAKER
29103,2800 N STUDEBAKER
16563,2800 BLOCK STUDEBAKER
241,2400 STUDEBAKER
718,2800 STUDEBAKER
17679,3100 BLOCK STUDEBAKER
472,2600 N STUDEBAKER
26776,STUDEBAKER
12744,1100 BLOCK N STUDEBAKER
16330,2600 STUDEBAKER
16446,2700 N STUDEBAKER RD
9826,18900 BLOCK STUDEBAKER RD
10064,19000 BLOCK STUDEBAKER RD
22997,1700 BLOCK N STUDEBAKER RD
453,2600 BLOCK STUDEBAKER RD
24652,19200 BLOCK STUDEBAKER RD
33613,STUDEBAKER RD / LOYNES
9459,"17300 BLOCK STUDEBAKER RD, CERRITOS CA"
16579,"2800 BLOCK STUDEBAKER RD, LONG BEACH"
30960,"3400 BLOCK STUDEBAKER RD, LONG BEACH"
16284,"2600 BLOCK STUDEBAKER RD, LONG BEACH CA"
30382,"3000 BLOCK STUDEBAKER RD, LONG BEACH CA"
11195,"2200 BLOCK STUDEBAKER RD, LONG BEACH CA"
1432,"3200 BLOCK STUDEBAKER RD, LONG BEACH CA"
16698,"2900 BLOCK N STUDEBAKER RD, LONG BEACH, CA"
675,"2800 BLOCK N STUDEBAKER RD, LONG BEACH, CA"
27985,"2400 BLOCK STUDEBAKER RD, LONG BEACH, CA"
8655,"1400 BLOCK STUDEBAKER RD,LONG BEACH"
16228,2600 BLOCK N STUDEBAKER ROAD
8049,12400 BLOCK SUMMERWIND ST
26976,"1500 W SUMMIT ST, LONG BEACH CA"
8688,"1400 BLOCK W SUMMIT ST, LONG BEACH CA"
8864,"1500 BLOCK W SUMMIT ST, LONG BEACH, CA"
20486,4800 BLOCK SUNFIELD AVE
4350,"SUNSET / CEDAR LONG BEACH,CA"
28669,27 SURFSIDE AVE
11527,100 BLOCK SURFSIDE DR
10741,20000 BLOCK S SUSANA RD
14398,"13000 BLOCK SUTTON ST, CERRITOS CA"
20761,"13200 BLOCK SUTTON ST, CERRITOS CA"
23378,17900 BLOCK SYBRANDY AVE
5731,"5400 BLOCK TANGLEWOOD ST, LONG BEACH CA"
3399,8000 BLOCK TARMA ST
12826,1100 TEMPLE
7614,1100 BLOCK TEMPLE AVE
7912,1200 BLOCK TEMPLE AVE
8687,"1400 BLOCK TEMPLE AVE, LONG BEACH CA"
9651,"1800 BLOCK TEMPLE, SH CA"
21369,1400 BLOCK TERMINO AVE
15014,"1400 BLOCK TERMINO AVE, LONG BEACH"
9677,"1800 BLOCK TERMINO AVE, LONG BEACH CA"
11970,"1000 BLOCK TERMINO AVE, LONG BEACH CA"
9469,"17400 BLOCK TERRY LYN LN, CERRITOS CA"
3425,8200 TEVA
114,"2300 TEVIS AVE, LONG BEACH, CA 90815, CA"
12230,100 BLOCK THE PROMENADE
16717,"2900 BLOCK E THOMPSON ST, LONG BEACH CA"
29862,"20000 BLOCK THORNLAKE AVE, CERRITOS CA"
25042,"8100 BLOCK E TIMOR ST, LONG BEACH CA"
25595,200 TIVOLI
2138,"3900 BLOCK TOLAND CIR, LOS ALAMITOS CA"
19973,12601 TOWN CENTER DR
21074,5000 TOYON BAY
17409,100 W TRAFFORD
12432,"11 TRAFFORD ST, LONG BEACH CA"
33622,TRANSFER FROM ANOTHER SHELTER
33624,TRANSFER FROM SPCALA
1089,300 TREMONT
27670,"1700 BLOCK TRIBUNE CT, LONG BEACH CA"
32689,"8200 BLOCK TULA AVE, LONG BEACH CA"
30562,2200 TULANE
19967,4300 TULANE
577,"2700 BLOCK TULANE AVE, LONG BEACH"
3416,"8100 BLOCK E TURBO ST, LONG BEACH CA"
4363,UNK
14847,5700 E VERNON
21762,5700 BLOCK VERNON ST
25474,"200 BLOCK E VERNON ST, LONG BEACH"
22312,"600 BLOCK VIA BAROLA , LONG BEACH CA"
3560,900 BLOCK VIA CARMELITOS
12305,"4000 BLOCK E VIA ORO, LONG BEACH CA"
12608,1100 BLOCK E VIA WANDA
7279,1000 BLOCK VIA WANDA
11778,1000 BLOCK E VIA WANDA
23323,17300 VICKIE
17247,100 BLOCK W VICTORIA ST
22428,"1600 BLOCK VICTORY RD, TUSTIN CA"
16557,"00 BLOCK VIRGIL WALK,,LONG BEACH CA"
12307,"4000 BLOCK VIRGINA AVE, LONG BEACH"
18866,"1100 BLOCK VIRGINA CT, LONG BEACH CA"
12967,4600 BLOCK N VIRGINA RD
19079,"11100 BLOCK VIRGINIA AVE, LYNWOOD CA"
5036,4600 BLOCK VIRGINIA RD
4763,4100 BLOCK VIRGINIA RD
18080,"3300 BLOCK E VISTA ST, LONG BEACH CA"
6520,"6300 BLOCK VISTA, LONG BEACH CA"
18332,3400 VOLK
28653,"1900 BLOCK VUELTA GRANDE AVE, LONG BEACH CA"
92,"2300 BLOCK VUELTA GRANDE AVE, LONG BEACH CA"
4425,W TRAFFORD ST
27131,2200 BLOCK WALNUT
6034,5800 WALNUT
21412,1400 BLOCK WALNUT AVE
27360,2200 WALNUT AVE
6687,6500 BLOCK WALNUT AVE
6221,600 BLOCK WALNUT AVE
30487,2200 BLOCK WALNUT AVE
14246,"1300 BLOCK WALNUT AVE, LONG BEACH"
12099,"400 BLOCK WALNUT AVE, LONG BEACH CA"
8728,"1400 WALNUT AVE, LONG BEACH CA"
21691,"5600 BLOCK WALNUT AVE, LONG BEACH CA"
9381,"1700 BLOCK WALNUT AVE, LONG BEACH CA"
21420,"1400 BLOCK WALNUT AVE, LONG BEACH, CA"
24502,"1900 BLOCK WALNUT AVE, LONG BEACH, CA"
11196,"2200 BLOCK WALNUT AVE, SIGNAL HILL CA"
570,"2700 BLOCK WALNUT AVE, SIGNAL HILL, CA"
8987,"1600 BLOCK E WALNUT AVE, SIGNAL HILL, CA 90"
12280,"10600 BLOCK WALNUT ST, LOS ALAMITOS CA"
18076,"1000 BLOCK WALNUT, LONG BEACH, CA"
6395,"6100 BLOCK E WALTON ST, LONG BEACH CA"
30568,2200 W WARDLOW
2275,6600 BLOCK E WARDLOW RD
24259,7575 WARDLOW RD
31083,"3500 BLOCK WARDLOW RD, LONG BEACH"
32453,"7800 BLOCK E WARDLOW RD, LONG BEACH CA"
32295,"7700 BLOCK E WARDLOW RD, LONG BEACH CA"
29792,"2000 BLOCK WARDLOW RD, LONG BEACH CA"
25049,"8100 BLOCK E WARDLOW RD, LONG BEACH CA"
18869,"1100 BLOCK WARDLOW RD, LONG BEACH CA"
10919,"2100 BLOCK W WARDLOW RD, LONG BEACH, CA"
6594,"6400 BLOCK E WARDLOW RD, LONG BEACH, CA"
24179,"7500 BLOCK E WARDLOW RD, LONG BEACH, CA"
2276,"6600 BLOCK E WARDLOW RD, LONG BEACH, CA"
32023,7000 BLOCK WARDLOW ROAD LONG BEACH CA 908
8670,"1400 BLOCK WARREN AVE, LONG BEACH, CA"
31902,"700 BLOCK N WASHINGTON PL, LONG BEACH, CA"
9366,1700 BLOCK WASHINGTON ST
28834,"2700 BLOCK WEBSTER AVE, LONG BEACH CA"
27707,"2300 BLOCK WEBSTER AVE, LONG BEACH CA"
789,"2900 BLOCK WEBSTER AVE, LONG BEACH CA"
8916,"15000 BLOCK WEDGEWORTH DR, HACIENDA HEIGHTS CA"
14656,140 WELCOME LN
7928,"1200 BLOCK WESLEY DR, LONG BEACH CA"
7926,"1200 BLOCK E WESLEY DR, LONG BEACH CA"
8872,"1500 BLOCK WEST SUMMIT ST, LONG BEACH, CA"
18980,3800 WESTON PL
18944,3800 BLOCK WESTON PL
6474,"6200 BLOCK WHITE AVE, LONG BEACH, CA"
21616,"14200 BLOCK WHITEROCK DR, LA MIRADA CA"
12647,4300 WHITEWOOD
10947,"2100 BLOCK W WILLARD ST, LONG BEACH CA"
361,2500 E WILLOW
24638,7800 E WILLOW
28145,1800 E WILLOW
19780,4100 E WILLOW
2677,"700 BLOCK W WILLOW AVE, LONG BEACH CA"
22250,"1600 BLOCK E WILLOW AVE, SIGNAL HILL, CA"
4826,4200 E WILLOW ST
30574,3100 BLOCK E WILLOW ST
27134,1600 BLOCK E WILLOW ST
19724,4100 BLOCK E WILLOW ST
14196,1300 BLOCK W WILLOW ST
25825,"2000 BLOCK E WILLOW ST, LONG BEACH"
19761,"4100 BLOCK E WILLOW ST, LONG BEACH CA"
19697,"1200 W WILLOW ST, LONG BEACH CA"
22940,"6400 BLOCK WILLOW ST, LONG BEACH CA"
21123,"5100 BLOCK WILLOW ST, LONG BEACH CA"
12234,"101 E WILLOW ST, LONG BEACH, CA"
22422,"1600 BLOCK E WILLOW ST, SIGNAL HILL CA"
11187,"2200 BLOCK E WILLOW ST, SIGNAL HILL CA"
1555,"3300 BLOCK E WILLOW, LONG BEACH"
18720,"1100 BLOCK E WILLOW, SIGNAL HILL CA"
28105,1800 BLOCK W WILMA PL
30952,"3400 BLOCK E WILTON ST, LONG BEACH CA"
30048,300 WINNIPEG PL
29931,"300 BLOCK WINSLOW AVE, LONG BEACH CA"
19489,400 BLOCK WISCONSIN
33704,WOODRUFF
17751,3100 WOODRUFF
1349,3100 BLOCK WOODRUFF AVE
9055,1600 BLOCK WOODRUFF AVE
30388,"3000 BLOCK WOODRUFF AVE, LONG BEACH CA"
30727,"3200 BLOCK WOODRUFF AVE, LONG BEACH, CA"
3417,"8100 BLOCK WOODSON ST, LONG BEACH"
9678,"1800 BLOCK XIMENO AVE, LONG BEACH CA"
30505,"2200 BLOCK XIMENO AVE, LONG BEACH CA"
19506,"400 BLOCK XIMENO AVE, LONG BEACH CA"
19823,12200 YEARLING
9481,17600 YVETTE
9435,17000 BLOCK YVETTE AVE
216,2400 BLOCK ZANDIA AVE
